SALE TYPE,SOLD DATE,PROPERTY TYPE,ADDRESS,CITY,STATE OR PROVINCE,ZIP OR POSTAL CODE,PRICE,BEDS,BATHS,LOCATION,SQUARE FEET,LOT SIZE,YEAR BUILT,DAYS ON MARKET,$/SQUARE FEET,HOA/MONTH,STATUS,NEXT OPEN HOUSE START TIME,NEXT OPEN HOUSE END TIME,URL (SEE https://www.redfin.com/buy-a-home/comparative-market-analysis FOR INFO ON PRICING),SOURCE,MLS#,FAVORITE,INTERESTED,LATITUDE,LONGITUDE
PAST SALE,,Condo/Co-op,325 Placemark #92,Irvine,CA,92614,910000,2,3.5,,1783,,2019,,510,,,,,https://www.redfin.com/CA/Irvine/325-Placemark-92614/unit-92/home/173436573,,,N,Y,33.687832,-117.8525402
PAST SALE,March-14-2022,Single Family Residential,1 Del Cambrea,Irvine,CA,92606,1400000,3,2.5,WP - Westpark,1706,3850,1994,,821,141,Sold,,,https://www.redfin.com/CA/Irvine/1-Del-Cambrea-92606/home/4626305,CRMLS,OC22030376,N,Y,33.6892285,-117.8041466
PAST SALE,May-16-2022,Single Family Residential,20 Del Carlo,Irvine,CA,92606,1325000,3,2.5,WP - Westpark,1706,2793,1994,,777,141,Sold,,,https://www.redfin.com/CA/Irvine/20-Del-Carlo-92606/home/4626153,CRMLS,OC22104180,N,Y,33.6899853,-117.804513
PAST SALE,June-16-2023,Single Family Residential,20 Bahia,Irvine,CA,92614,1405000,3,2.0,WP - Westpark,1405,3780,1988,,1000,47,Sold,,,https://www.redfin.com/CA/Irvine/20-Bahia-92614/home/4659665,CRMLS,OC23096270,N,Y,33.6797937,-117.8205929
PAST SALE,September-10-2021,Condo/Co-op,22195 Caminito Laureles #97,Laguna Hills,CA,92653,610000,3,2.0,S2 - Laguna Hills,1195,,1985,,510,420,Sold,,,https://www.redfin.com/CA/Laguna-Hills/22195-Caminito-Laureles-92653/unit-97/home/5634513,CRMLS,OC21166470,N,Y,33.6252817,-117.7424799
PAST SALE,April-11-2022,Single Family Residential,3641 Pine St,Irvine,CA,92606,1415000,4,3.0,WN - Walnut (Irvine),2277,5000,1974,,621,55,Sold,,,https://www.redfin.com/CA/Irvine/3641-Pine-St-92606/home/4675489,CRMLS,OC22058073,N,Y,33.7042193,-117.7961774
PAST SALE,September-2-2021,Condo/Co-op,88 Greenfield #91,Irvine,CA,92614,580500,2,1.5,WB - Woodbridge,1060,,1982,,548,575,Sold,,,https://www.redfin.com/CA/Irvine/88-Greenfield-92614/unit-91/home/5573641,CRMLS,OC21162581,N,Y,33.6790288,-117.8108709
PAST SALE,September-10-2021,Condo/Co-op,140 Vintage #29,Irvine,CA,92620,892000,3,3.0,WD - Woodbury,1792,,2004,,498,366,Sold,,,https://www.redfin.com/CA/Irvine/140-Vintage-92620/unit-29/home/7216816,CRMLS,OC21168085,N,Y,33.7003922,-117.7527943
PAST SALE,April-26-2022,Condo/Co-op,227 Mayfair,Irvine,CA,92620,1051000,2,2.0,STG - Stonegate,1386,,2012,,758,370,Sold,,,https://www.redfin.com/CA/Irvine/227-Mayfair-92620/home/51681305,CRMLS,OC22057031,N,Y,33.7060819,-117.7436869
PAST SALE,July-25-2022,Single Family Residential,12 Amberhill,Irvine,CA,92602,1785000,4,2.5,WI - West Irvine,2733,6989,2000,,653,139,Sold,,,https://www.redfin.com/CA/Irvine/12-Amberhill-92602/home/5768754,CRMLS,OC22132698,N,Y,33.7445948,-117.7666364
PAST SALE,August-24-2021,Single Family Residential,41 Bull Run,Irvine,CA,92620,1280000,4,2.5,NW - Northwood,2166,5400,1979,,591,,Sold,,,https://www.redfin.com/CA/Irvine/41-Bull-Run-92620/home/4781124,CRMLS,SW21141447,N,Y,33.7162857,-117.7691952
PAST SALE,February-28-2023,Single Family Residential,143 Cardinal,Irvine,CA,92618,2015000,4,3.5,GP - Great Park,2599,6400,2013,,775,225,Sold,,,https://www.redfin.com/CA/Irvine/143-Cardinal-92618/home/51682993,CRMLS,OC23011967,N,Y,33.6982366,-117.7230215
PAST SALE,November-15-2021,Condo/Co-op,205 Stellar,Irvine,CA,92618,1395000,4,3.5,GP - Great Park,2955,,2017,,472,215,Sold,,,https://www.redfin.com/CA/Irvine/205-Stellar-92618/home/167413717,CRMLS,OC21187544,N,Y,33.6825733,-117.7337382
PAST SALE,July-11-2022,Single Family Residential,36 Langford,Irvine,CA,92602,1650000,4,2.5,WI - West Irvine,2733,4950,1999,,604,139,Sold,,,https://www.redfin.com/CA/Irvine/36-Langford-92602/home/5768552,CRMLS,OC22120813,N,Y,33.7433421,-117.7684661
PAST SALE,April-10-2023,Condo/Co-op,12 Crestline #109,Irvine,CA,92602,936000,3,2.5,WI - West Irvine,1368,,2001,,684,283,Sold,,,https://www.redfin.com/CA/Irvine/12-Crestline-92602/unit-109/home/5917140,CRMLS,OC23031064,N,Y,33.7296356,-117.7799429
PAST SALE,July-29-2022,Condo/Co-op,45 Willowgrove,Irvine,CA,92604,1290000,3,2.5,WB - Woodbridge,1813,,1978,,712,406,Sold,,,https://www.redfin.com/CA/Irvine/45-Willowgrove-92604/home/5533609,CRMLS,OC22135553,N,Y,33.6818612,-117.7882472
PAST SALE,April-4-2022,Condo/Co-op,2425 Scholarship,Irvine,CA,92612,790000,2,2.0,AA - Airport Area,1282,,2005,,616,510,Sold,,,https://www.redfin.com/CA/Irvine/2425-Scholarship-92612/home/12248605,CRMLS,OC22043964,N,Y,33.6668988,-117.8518144
PAST SALE,December-1-2021,Condo/Co-op,12 Snapdragon #22,Irvine,CA,92604,882000,3,2.5,EC - El Camino Real,1645,,1975,,536,455,Sold,,,https://www.redfin.com/CA/Irvine/12-Snapdragon-92604/unit-22/home/5444155,CRMLS,OC21232745,N,Y,33.6923641,-117.7867881
PAST SALE,December-16-2021,Single Family Residential,2289 De Sutter Dr,Tustin,CA,92782,1175000,4,3.0,89 - Tustin Ranch,1769,4088,1998,,664,186,Sold,,,https://www.redfin.com/CA/Tustin/2289-De-Sutter-Dr-92782/home/4776412,CRMLS,OC21244487,N,Y,33.77082,-117.7609684
PAST SALE,October-22-2021,Condo/Co-op,140 E Yale #23,Irvine,CA,92604,1175000,3,2.5,WB - Woodbridge,2197,,1979,,535,493,Sold,,,https://www.redfin.com/CA/Irvine/140-E-Yale-Loop-92604/unit-23/home/5544736,CRMLS,OC21202657,N,Y,33.6774936,-117.7856282
PAST SALE,April-4-2022,Single Family Residential,9 Capistrano,Irvine,CA,92602,1450000,3,2.5,NK - Northpark,1759,3976,2002,,824,140,Sold,,,https://www.redfin.com/CA/Irvine/9-Capistrano-92602/home/5857344,CRMLS,OC22029028,N,Y,33.7239385,-117.7762039
PAST SALE,May-26-2023,Single Family Residential,161 Cloudbreak,Irvine,CA,92618,1839800,3,2.0,GP - Great Park,1746,9796,2014,,1054,235,Sold,,,https://www.redfin.com/CA/Irvine/161-Cloudbreak-92618/home/51682648,CRMLS,OC23064237,N,Y,33.7000338,-117.726685
PAST SALE,May-8-2023,Condo/Co-op,66 Costero Aisle #307,Irvine,CA,92614,635000,1,1.0,WP - Westpark,899,,1987,,706,322,Sold,,,https://www.redfin.com/CA/Irvine/66-Costero-Aisle-92614/unit-307/home/5589176,CRMLS,OC23050712,N,Y,33.682056,-117.8304917
PAST SALE,October-12-2021,Condo/Co-op,68 Glen Arbor #113,Irvine,CA,92602,815000,2,2.5,WI - West Irvine,1211,,2001,,673,200,Sold,,,https://www.redfin.com/CA/Irvine/68-Glen-Arbor-92602/unit-113/home/5884633,CRMLS,OC21189899,N,Y,33.7322888,-117.7760053
PAST SALE,August-17-2021,Condo/Co-op,153 Acuna,Irvine,CA,92620,1135000,3,2.5,EASTW - Eastwood,1632,,2017,,695,303,Sold,,,https://www.redfin.com/CA/Irvine/153-Acuna-92620/home/167403797,CRMLS,OC21166333,N,Y,33.7091276,-117.7501125
PAST SALE,May-10-2022,Single Family Residential,2985 Schwendeman Ave,Tustin,CA,92782,1800000,4,2.5,89 - Tustin Ranch,2438,4884,1999,,738,138,Sold,,,https://www.redfin.com/CA/Tustin/2985-Schwendeman-Ave-92782/home/4764546,CRMLS,OC22078739,N,Y,33.7495446,-117.7671376
PAST SALE,July-8-2022,Single Family Residential,100 Barrington,Irvine,CA,92618,1485000,3,3.5,CV - Cypress Village,1786,,2017,,831,247,Sold,,,https://www.redfin.com/CA/Irvine/100-Barrington-92618/home/167404015,CRMLS,OC22103959,N,Y,33.6792925,-117.7455552
PAST SALE,March-27-2023,Single Family Residential,24111 Kathy Ave,Lake Forest,CA,92630,1260000,4,3.0,LS - Lake Forest South,2485,6900,1980,,507,91,Sold,,,https://www.redfin.com/CA/Lake-Forest/24111-Kathy-Ave-92630/home/4829419,CRMLS,OC23040019,N,Y,33.6435217,-117.7098691
PAST SALE,June-14-2023,Condo/Co-op,162 Palencia,Irvine,CA,92618,1489898,2,3.0,CV - Cypress Village,2309,3500,2018,,645,285,Sold,,,https://www.redfin.com/CA/Irvine/162-Palencia-92618/home/169482043,CRMLS,OC23091050,N,Y,33.674741,-117.75005
PAST SALE,August-17-2021,Condo/Co-op,192 Streamwood,Irvine,CA,92620,500000,2,1.0,NW - Northwood,809,,1977,,618,295,Sold,,,https://www.redfin.com/CA/Irvine/192-Streamwood-92620/home/5492892,CRMLS,OC21144160,N,Y,33.7134299,-117.7586793
PAST SALE,June-7-2022,Single Family Residential,211 Pineview,Irvine,CA,92620,750000,2,2.5,NW - Northwood,1204,828,1977,,623,405,Sold,,,https://www.redfin.com/CA/Irvine/211-Pineview-92620/home/4787961,CRMLS,BB22073932,N,Y,33.7150863,-117.7562307
PAST SALE,July-7-2022,Condo/Co-op,153 Kings Cyn,Irvine,CA,92606,1036800,3,2.5,WN - Walnut (Irvine),1868,,2001,,555,215,Sold,,,https://www.redfin.com/CA/Irvine/153-Kings-Cyn-92606/home/5887521,CRMLS,OC22136463,N,Y,33.7059881,-117.8009016
PAST SALE,December-27-2021,Single Family Residential,16 Barnes Rd,Tustin,CA,92782,1485000,4,3.0,71 - Tustin,2429,5421,2015,,611,290,Sold,,,https://www.redfin.com/CA/Tustin/16-Barnes-Rd-92782/home/105485734,CRMLS,OC21262413,N,Y,33.7007663,-117.8179883
PAST SALE,April-24-2023,Condo/Co-op,35 Peony,Irvine,CA,92618,988000,2,2.5,WD - Woodbury,1665,,2010,,593,467,Sold,,,https://www.redfin.com/CA/Irvine/35-Peony-92618/home/40078339,CRMLS,OC23054805,N,Y,33.6870692,-117.7472008
PAST SALE,April-12-2022,Single Family Residential,277 Radial,Irvine,CA,92618,2200000,5,5.0,GP - Great Park,2925,5112,2016,,752,215,Sold,,,https://www.redfin.com/CA/Irvine/277-Radial-92618/home/105486647,CRMLS,OC22057464,N,Y,33.6901521,-117.7297089
PAST SALE,September-23-2021,Condo/Co-op,2403 Watermarke Pl,Irvine,CA,92612,535000,1,1.0,AA - Airport Area,746,,2003,,717,367,Sold,,,https://www.redfin.com/CA/Irvine/2403-Watermarke-Pl-92612/home/5952845,CRMLS,OC21188436,N,Y,33.6653306,-117.8513908
PAST SALE,August-16-2022,Condo/Co-op,47 Morena #41,Irvine,CA,92612,820000,2,1.5,SJ - Rancho San Joaquin,1145,,1977,,716,480,Sold,,,https://www.redfin.com/CA/Irvine/47-Morena-92612/unit-41/home/5496299,CRMLS,OC22146657,N,Y,33.665337,-117.8299267
PAST SALE,November-18-2021,Condo/Co-op,111 Landroute,Irvine,CA,92618,1388000,3,3.5,PS - Portola Springs,1849,,2020,,751,248,Sold,,,https://www.redfin.com/CA/Irvine/111-Landroute-92618/home/176723520,CRMLS,OC21227150,N,Y,33.689794644,-117.7042083
PAST SALE,November-3-2021,Condo/Co-op,7205 Apricot Dr #7205,Irvine,CA,92618,515000,2,2.0,OT - Orangetree,916,351965,1979,,562,488,Sold,,,https://www.redfin.com/CA/Irvine/7205-Apricot-Dr-92618/unit-7205/home/5260030,CRMLS,OC21207055,N,Y,33.6704725,-117.7761276
PAST SALE,May-26-2022,Condo/Co-op,140 Stellar,Irvine,CA,92618,1300000,3,3.5,GP - Great Park,2260,,2017,,575,432,Sold,,,https://www.redfin.com/CA/Irvine/140-Stellar-92618/home/167413781,CRMLS,OC22080820,N,Y,33.6830725,-117.7370442
PAST SALE,June-13-2022,Single Family Residential,14212 Saarinen Ct,Irvine,CA,92606,1450000,4,2.5,WN - Walnut (Irvine),2060,5800,1974,,704,65,Sold,,,https://www.redfin.com/CA/Irvine/14212-Saarinen-Ct-92606/home/4672562,CRMLS,OC22103923,N,Y,33.7090989,-117.7860553
PAST SALE,March-29-2022,Single Family Residential,10 Viejo #73,Irvine,CA,92612,1060000,2,2.5,SJ - Rancho San Joaquin,1645,99999,1975,,644,539,Sold,,,https://www.redfin.com/CA/Irvine/10-Viejo-92612/unit-73/home/5441723,CRMLS,OC22025568,N,Y,33.6590966,-117.8346174
PAST SALE,May-17-2022,Condo/Co-op,111 Newall,Irvine,CA,92618,1420000,3,2.5,GP - Great Park,2013,,2016,,705,215,Sold,,,https://www.redfin.com/CA/Irvine/111-Newall-92618/home/143914741,CRMLS,OC22060879,N,Y,33.688994,-117.731562
PAST SALE,May-27-2022,Condo/Co-op,5151 Walnut Ave #2,Irvine,CA,92604,765000,2,2.5,EC - El Camino Real,1148,,1982,,666,395,Sold,,,https://www.redfin.com/CA/Irvine/5151-Walnut-Ave-92604/unit-2/home/5552659,CRMLS,OC22088369,N,Y,33.6937886,-117.7719845
PAST SALE,September-16-2022,Single Family Residential,1 Orion,Irvine,CA,92603,3381000,6,5.0,TR - Turtle Rock,4034,8400,1985,,838,366,Sold,,,https://www.redfin.com/CA/Irvine/1-Orion-92603/home/4745551,CRMLS,OC22181540,N,Y,33.6397439,-117.8130632
PAST SALE,March-13-2023,Single Family Residential,113 Mangrove Banks,Irvine,CA,92620,2140000,4,4.0,EASTW - Eastwood,2546,3864,2016,,841,125,Sold,,,https://www.redfin.com/CA/Irvine/113-Mangrove-Banks-92620/home/112724489,CRMLS,OC23026727,N,Y,33.7139181,-117.7516936
PAST SALE,March-14-2022,Condo/Co-op,77 Plateau,Irvine,CA,92618,865000,2,2.5,PS - Portola Springs,1245,,2015,,695,413,Sold,,,https://www.redfin.com/CA/Irvine/77-Plateau-92618/home/143910084,CRMLS,OC22024893,N,Y,33.6979004,-117.7323447
PAST SALE,June-13-2022,Condo/Co-op,75 Henson,Irvine,CA,92620,1320000,3,2.5,EASTW - Eastwood,1724,,2017,,766,330,Sold,,,https://www.redfin.com/CA/Irvine/75-Henson-92620/home/167401796,CRMLS,OC22103378,N,Y,33.7132493,-117.7492321
PAST SALE,November-29-2021,Condo/Co-op,161 Streamwood,Irvine,CA,92620,520000,2,1.0,NW - Northwood,809,,1977,,643,395,Sold,,,https://www.redfin.com/CA/Irvine/161-Streamwood-92620/home/5492763,CRMLS,OC21201713,N,Y,33.7135225,-117.7590612
PAST SALE,July-22-2022,Condo/Co-op,70 Bronze Leaf,Irvine,CA,92620,1020000,3,3.5,CV - Cypress Village,1541,,2015,,662,355,Sold,,,https://www.redfin.com/CA/Irvine/70-Bronze-Leaf-92620/home/112722301,CRMLS,OC22116708,N,Y,33.6812801,-117.7554378
PAST SALE,August-23-2022,Condo/Co-op,48 Concierto,Irvine,CA,92620,798000,2,2.0,WD - Woodbury,1279,,2005,,624,374,Sold,,,https://www.redfin.com/CA/Irvine/48-Concierto-92620/home/7210788,CRMLS,OC22151260,N,Y,33.6975427,-117.7553791
PAST SALE,May-19-2022,Condo/Co-op,2 Stardust #12,Irvine,CA,92603,975000,2,2.5,TR - Turtle Rock,1525,,1982,,639,395,Sold,,,https://www.redfin.com/CA/Irvine/2-Stardust-92603/unit-12/home/5710245,CRMLS,OC22077921,N,Y,33.633334,-117.7994777
PAST SALE,August-12-2021,Single Family Residential,21 Looking Glass,Irvine,CA,92620,1800000,5,4.0,WD - Woodbury,3294,4385,2010,,546,140,Sold,,,https://www.redfin.com/CA/Irvine/21-Looking-Glass-92620/home/28931296,CRMLS,OC21146324,N,Y,33.6995515,-117.757319
PAST SALE,September-28-2021,Condo/Co-op,96 Henson,Irvine,CA,92620,1500000,4,3.5,EASTW - Eastwood,2274,,2017,,660,125,Sold,,,https://www.redfin.com/CA/Irvine/96-Henson-92620/home/167401920,CRMLS,OC21188956,N,Y,33.712629,-117.748946
PAST SALE,,Single Family Residential,175 Cloudbreak,Irvine,CA,92618,1810000,4,2.5,,2394,4601,2014,,756,,,,,https://www.redfin.com/CA/Irvine/175-Cloudbreak-92618/home/51682689,,,N,Y,33.6989833,-117.727693
PAST SALE,June-26-2023,Condo/Co-op,177 Frame,Irvine,CA,92618,1250000,3,3.5,GP - Great Park,2000,,2019,,625,475,Sold,,,https://www.redfin.com/CA/Irvine/177-Frame-92618/home/173437340,CRMLS,OC23092213,N,Y,33.6820269,-117.7205024
PAST SALE,November-29-2022,Condo/Co-op,309 Tall Oak,Irvine,CA,92603,1225000,3,2.5,QH - Quail Hill,1930,,2003,,635,280,Sold,,,https://www.redfin.com/CA/Irvine/309-Tall-Oak-92603/home/5945449,CRMLS,OC22217290,N,Y,33.64739,-117.7715286
PAST SALE,September-6-2022,Single Family Residential,171 Great Lawn,Irvine,CA,92620,1650000,4,3.5,WD - Woodbury,2429,,2006,,679,325,Sold,,,https://www.redfin.com/CA/Irvine/171-Great-Lawn-92620/home/17469663,CRMLS,OC22163283,N,Y,33.6946362,-117.7490885
PAST SALE,November-30-2021,Condo/Co-op,77 Cactus Flower,Irvine,CA,92620,1290000,3,2.5,CV - Cypress Village,1948,,2013,,662,135,Sold,,,https://www.redfin.com/CA/Irvine/77-Cactus-Flower-92620/home/58556694,CRMLS,OC21234869,N,Y,33.6907433,-117.7568925
PAST SALE,May-9-2023,Condo/Co-op,43 Splendor,Irvine,CA,92618,1350000,3,2.5,WD - Woodbury,1956,,2010,,690,167,Sold,,,https://www.redfin.com/CA/Irvine/43-Splendor-92618/home/28932551,CRMLS,OC23049862,N,Y,33.6901931,-117.7451486
PAST SALE,April-18-2022,Condo/Co-op,304 Rockefeller,Irvine,CA,92612,1450000,3,3.0,AA - Airport Area,2290,,2014,,633,396,Sold,,,https://www.redfin.com/CA/Irvine/304-Rockefeller-92612/home/112721142,CRMLS,OC22051196,N,Y,33.6761126,-117.8468606
PAST SALE,August-18-2021,Condo/Co-op,130 Gulfstream,Irvine,CA,92620,1165000,3,2.5,EASTW - Eastwood,2045,,2016,,570,125,Sold,,,https://www.redfin.com/CA/Irvine/130-Gulfstream-92620/home/143910396,CRMLS,OC21146378,N,Y,33.7105596,-117.754748
PAST SALE,December-14-2021,Townhouse,158 Harringay,Irvine,CA,92618,780000,2,2.5,GP - Great Park,1351,,2017,,577,404,Sold,,,https://www.redfin.com/CA/Irvine/158-Harringay-92618/home/167401720,CRMLS,OC21231417,N,Y,33.6849358,-117.7417325
PAST SALE,October-11-2022,Condo/Co-op,63 Cartier Aisle,Irvine,CA,92620,880000,3,2.0,NW - Northwood,1388,,1989,,634,188,Sold,,,https://www.redfin.com/CA/Irvine/63-Cartier-Aisle-92620/home/5547511,CRMLS,OC22196403,N,Y,33.6981617,-117.7679663
PAST SALE,August-9-2021,Condo/Co-op,112 Briarberry,Irvine,CA,92618,853500,3,3.5,CV - Cypress Village,1596,,2016,,535,345,Sold,,,https://www.redfin.com/CA/Irvine/112-Briarberry-92618/home/143915316,CRMLS,OC21141483,N,Y,33.6804849,-117.7449654
PAST SALE,March-28-2022,Condo/Co-op,63 Streamwood,Irvine,CA,92620,630000,2,1.5,NW - Northwood,887,,1977,,710,295,Sold,,,https://www.redfin.com/CA/Irvine/63-Streamwood-92620/home/5493256,CRMLS,OC22012608,N,Y,33.7134027,-117.7568519
PAST SALE,April-28-2022,Condo/Co-op,220 Landmark Ln,Tustin,CA,92782,1100000,3,3.0,71 - Tustin,1607,,2005,,685,237,Sold,,,https://www.redfin.com/CA/Tustin/220-Landmark-Ln-92782/home/5981935,CRMLS,OC22053411,N,Y,33.7043418,-117.8025617
PAST SALE,October-29-2021,Townhouse,77 Gingerwood,Irvine,CA,92603,1068000,3,2.0,TRG - Turtle Ridge,1610,,2003,,663,282,Sold,,,https://www.redfin.com/CA/Irvine/77-Gingerwood-92603/home/5944406,CRMLS,OC21210285,N,Y,33.6262739,-117.8271872
PAST SALE,June-29-2023,Condo/Co-op,117 Breakwater,Irvine,CA,92620,1320000,3,2.5,EASTW - Eastwood,1550,,2017,,852,303,Sold,,,https://www.redfin.com/CA/Irvine/117-Breakwater-92620/home/167403831,CRMLS,OC23092123,N,Y,33.7101535,-117.7498005
PAST SALE,February-16-2022,Condo/Co-op,801 Terra Bella,Irvine,CA,92602,820000,2,2.0,NK - Northpark,1078,,2000,,761,515,Sold,,,https://www.redfin.com/CA/Irvine/801-Terra-Bella-92602/home/5794301,CRMLS,OC21253436,N,Y,33.7296342,-117.7743754
PAST SALE,April-27-2023,Condo/Co-op,75 Long Mdw #88,Irvine,CA,92620,850000,2,2.0,WD - Woodbury,1279,,2004,,665,354,Sold,,,https://www.redfin.com/CA/Irvine/75-Long-Mdw-92620/unit-88/home/7216821,CRMLS,OC23045867,N,Y,33.6997395,-117.7521734
PAST SALE,,Condo/Co-op,513 Rockefeller,Irvine,CA,92612,775000,1,1.5,,1426,,2013,,543,,,,,https://www.redfin.com/CA/Irvine/513-Rockefeller-92612/home/58556883,,,N,Y,33.676802,-117.8487973
PAST SALE,November-8-2021,Condo/Co-op,53 Fallingstar #35,Irvine,CA,92614,710000,2,2.0,WB - Woodbridge,1171,,1984,,606,402,Sold,,,https://www.redfin.com/CA/Irvine/53-Fallingstar-92614/unit-35/home/5668687,CRMLS,OC21217485,N,Y,33.6651685,-117.7963965
PAST SALE,September-30-2022,Single Family Residential,23 Rawhide,Irvine,CA,92602,2940000,5,4.5,OH - Orchard Hills,3775,5792,2014,,779,289,Sold,,,https://www.redfin.com/CA/Irvine/23-Rawhide-92602/home/58553895,CRMLS,OC22172135,N,Y,33.7378161,-117.7602205
PAST SALE,November-28-2022,Condo/Co-op,211 Elkhorn,Irvine,CA,92618,959999,3,3.5,PS - Portola Springs,1695,,2020,,566,365,Sold,,,https://www.redfin.com/CA/Irvine/211-Elkhorn-92618/home/173436243,CRMLS,OC22224923,N,Y,33.6986698,-117.7018959
PAST SALE,July-6-2023,Single Family Residential,520 Escenico,Lake Forest,CA,92630,1220000,3,2.5,BK - Baker Ranch,1969,2911,2017,,620,232,Sold,,,https://www.redfin.com/CA/Lake-Forest/520-Escenico-92630/home/143909913,CRMLS,OC23092136,N,Y,33.6682375,-117.6908979
PAST SALE,July-27-2022,Condo/Co-op,14 Wintermist #83,Irvine,CA,92614,995000,3,2.5,WB - Woodbridge,1373,,1985,,725,289,Sold,,,https://www.redfin.com/CA/Irvine/14-Wintermist-92614/unit-83/home/5653366,CRMLS,OC22112853,N,Y,33.6664447,-117.8040556
PAST SALE,July-24-2023,Condo/Co-op,142 Stellar,Irvine,CA,92618,1399800,4,3.5,GP - Great Park,2383,,2017,,587,445,Sold,,,https://www.redfin.com/CA/Irvine/142-Stellar-92618/home/167413780,CRMLS,OC23100842,N,Y,33.6831431,-117.7370464
PAST SALE,July-14-2022,Condo/Co-op,159 Stepping Stone,Irvine,CA,92603,1060000,3,3.0,QH - Quail Hill,1683,,2003,,630,265,Sold,,,https://www.redfin.com/CA/Irvine/159-Stepping-Stone-92603/home/5947806,CRMLS,OC22105193,N,Y,33.6510631,-117.7818108
PAST SALE,June-1-2022,Single Family Residential,15 Marsala,Irvine,CA,92606,960000,2,2.0,WP - Westpark,1000,3300,1995,,960,169,Sold,,,https://www.redfin.com/CA/Irvine/15-Marsala-92606/home/4624863,CRMLS,OC22058514,N,Y,33.6916728,-117.8141863
PAST SALE,June-10-2022,Single Family Residential,4122 Old Mill St,Irvine,CA,92604,1425000,5,3.0,EC - El Camino Real,2089,5466,1973,,682,73,Sold,,,https://www.redfin.com/CA/Irvine/4122-Old-Mill-St-92604/home/4667877,CRMLS,OC22079172,N,Y,33.7013483,-117.7881114
PAST SALE,August-26-2022,Condo/Co-op,63 Sapphire,Irvine,CA,92602,840000,2,2.5,WI - West Irvine,1485,,2001,,566,260,Sold,,,https://www.redfin.com/CA/Irvine/63-Sapphire-92602/home/5885090,CRMLS,OC22136564,N,Y,33.7304063,-117.7762501
PAST SALE,June-24-2022,Condo/Co-op,8 Goldenbush,Irvine,CA,92604,710000,2,2.5,EC - El Camino Real,1068,,1974,,665,558,Sold,,,https://www.redfin.com/CA/Irvine/8-Goldenbush-92604/home/179664420,CRMLS,OC22087025,N,Y,33.6964856,-117.7910194
PAST SALE,September-3-2021,Condo/Co-op,38 Fallbrook #5,Irvine,CA,92604,650000,3,2.0,WB - Woodbridge,1150,,1979,,565,374,Sold,,,https://www.redfin.com/CA/Irvine/38-Fallbrook-92604/unit-5/home/5506088,CRMLS,OC21123964,N,Y,33.6809237,-117.7839108
PAST SALE,April-7-2022,Condo/Co-op,184 Tribeca,Irvine,CA,92612,1088000,3,3.0,AA - Airport Area,1929,,2019,,564,477,Sold,,,https://www.redfin.com/CA/Irvine/184-Tribeca-92612/home/177949143,CRMLS,OC22020576,N,Y,33.6752323,-117.8461557
PAST SALE,July-25-2022,Townhouse,74 Greenbough #87,Irvine,CA,92614,765000,2,1.5,WB - Woodbridge,1098,,1982,,697,439,Sold,,,https://www.redfin.com/CA/Irvine/74-Greenbough-92614/unit-87/home/5642260,CRMLS,OC22107743,N,Y,33.6706497,-117.8107529
PAST SALE,May-31-2023,Single Family Residential,131 Paxton,Irvine,CA,92620,2760000,4,4.5,EASTW - Eastwood,3354,4666,2018,,823,125,Sold,,,https://www.redfin.com/CA/Irvine/131-Paxton-92620/home/167385164,CRMLS,OC23045936,N,Y,33.7187276,-117.7464785
PAST SALE,October-26-2021,Single Family Residential,4342 Margarita St,Irvine,CA,92604,1500000,6,4.5,EC - El Camino Real,3059,5000,1974,,490,66,Sold,,,https://www.redfin.com/CA/Irvine/4342-Margarita-St-92604/home/4672257,CRMLS,OC21180356,N,Y,33.6987842,-117.7857278
PAST SALE,,Condo/Co-op,232 Bishop Lndg,Irvine,CA,92620,975000,2,2.0,,1539,,2016,,634,,,,,https://www.redfin.com/CA/Irvine/232-Bishop-Lndg-92620/home/143425947,,,N,Y,33.7101861,-117.753578
PAST SALE,October-24-2022,Single Family Residential,17 Del Carlo,Irvine,CA,92606,1190000,3,3.0,WP - Westpark,1319,2925,1994,,902,141,Sold,,,https://www.redfin.com/CA/Irvine/17-Del-Carlo-92606/home/4626072,CRMLS,OC22167079,N,Y,33.6904489,-117.8049251
PAST SALE,November-17-2022,Single Family Residential,2 Conifer,Irvine,CA,92620,2500000,4,4.5,WD - Woodbury,3301,7431,2009,,757,141,Sold,,,https://www.redfin.com/CA/Irvine/2-Conifer-92620/home/5959433,CRMLS,OC22174235,N,Y,33.6911462,-117.7538579
PAST SALE,March-23-2023,Single Family Residential,14 Kara E,Irvine,CA,92620,1490000,4,2.5,NW - Northwood,2337,5225,1979,,638,125,Sold,,,https://www.redfin.com/CA/Irvine/14-Kara-E-92620/home/4784320,CRMLS,OC22225935,N,Y,33.720538,-117.7620664
PAST SALE,December-21-2022,Condo/Co-op,716 Rockefeller,Irvine,CA,92612,1330000,3,3.0,AA - Airport Area,2253,,2010,,590,433,Sold,,,https://www.redfin.com/CA/Irvine/716-Rockefeller-92612/home/40102706,CRMLS,OC22136273,N,Y,33.675412,-117.848649
PAST SALE,July-8-2022,Mobile/Manufactured Home,5200 Irvine Blvd Blvd #242,Irvine,CA,92620,499000,2,2.0,NW - Northwood,1440,,1979,,347,238,Sold,,,https://www.redfin.com/CA/Irvine/5200-Irvine-Blvd-92620/unit-242/home/5977204,CRMLS,OC22168221,N,Y,33.7080452,-117.754305
PAST SALE,May-18-2023,Single Family Residential,2 Fairview,Irvine,CA,92602,3350000,4,4.5,OH - Orchard Hills,3940,7656,2014,,850,289,Sold,,,https://www.redfin.com/CA/Irvine/2-Fairview-92602/home/58551789,CRMLS,OC23086280,N,Y,33.7416139,-117.7609993
PAST SALE,June-29-2022,Condo/Co-op,389 Deerfield Ave #78,Irvine,CA,92606,825000,2,2.5,WI - West Irvine,1297,1297,1985,,636,306,Sold,,,https://www.redfin.com/CA/Irvine/389-Deerfield-Ave-92606/unit-78/home/5201925,CRMLS,RS22107443,N,Y,33.7009707,-117.8013104
PAST SALE,April-15-2022,Single Family Residential,2 Nutwood,Irvine,CA,92604,1050000,3,2.0,WB - Woodbridge,1321,2824,1979,,795,372,Sold,,,https://www.redfin.com/CA/Irvine/2-Nutwood-92604/home/4689792,CRMLS,OC22077728,N,Y,33.68628,-117.7902691
PAST SALE,March-13-2023,Condo/Co-op,2936 Ryder Pl,Tustin,CA,92782,1249000,3,2.5,89 - Tustin Ranch,1740,,1994,,718,200,Sold,,,https://www.redfin.com/CA/Tustin/2936-Ryder-Pl-92782/home/184707694,CRMLS,PW23042323,N,Y,33.7380936,-117.779012
PAST SALE,March-23-2022,Condo/Co-op,3 Botanical,Irvine,CA,92618,985000,2,2.5,OC - Oak Creek,1508,,2000,,653,177,Sold,,,https://www.redfin.com/CA/Irvine/3-Botanical-92618/home/5841353,CRMLS,OC22029169,N,Y,33.6699279,-117.7821476
PAST SALE,,Single Family Residential,9 Cabrini,Irvine,CA,92614,1200000,3,2.5,,2044,3300,1989,,587,,,,,https://www.redfin.com/CA/Irvine/9-Cabrini-92614/home/4660950,,,N,Y,33.6782274,-117.8288294
PAST SALE,,Condo/Co-op,436 Monroe #101,Irvine,CA,92620,890000,3,2.5,,1348,,1985,,660,,,,,https://www.redfin.com/CA/Irvine/436-Monroe-92620/unit-101/home/5321998,,,N,Y,33.7049794,-117.775058
PAST SALE,,Condo/Co-op,43 Almador,Irvine,CA,92614,893000,3,2.5,,1604,,1989,,557,,,,,https://www.redfin.com/CA/Irvine/43-Almador-92614/home/5554138,,,N,Y,33.6748321,-117.8301691
PAST SALE,April-19-2022,Condo/Co-op,2693 Dietrich Dr,Tustin,CA,92782,795000,2,2.5,89 - Tustin Ranch,1324,,1994,,600,350,Sold,,,https://www.redfin.com/CA/Tustin/2693-Dietrich-Dr-92782/home/5628596,CRMLS,OC22062262,N,Y,33.7560036,-117.766332
PAST SALE,June-16-2023,Mobile/Manufactured Home,5200 Irvine Blvd #240,Irvine,CA,92620,539000,2,2.0,NW - Northwood,1840,43560,1978,,293,257,Sold,,,https://www.redfin.com/CA/Irvine/5200-Irvine-Blvd-92620/unit-240/home/5977201,CRMLS,OC23107464,N,Y,33.7080452,-117.754305
PAST SALE,,Condo/Co-op,41 Summerfield #87,Irvine,CA,92614,720000,3,2.0,,1144,,1984,,629,,,,,https://www.redfin.com/CA/Irvine/41-Summerfield-92614/unit-87/home/5653379,,,N,Y,33.666962,-117.8047072
PAST SALE,August-31-2021,Townhouse,15530 Bonsai Way,Tustin,CA,92782,999000,4,3.0,CG - Columbus Grove,2416,2100,2012,,413,335,Sold,,,https://www.redfin.com/CA/Tustin/15530-Bonsai-Way-92782/home/51683973,CRMLS,PW21178332,N,Y,33.6949616,-117.8111497
PAST SALE,November-8-2021,Single Family Residential,9 Fairdawn,Irvine,CA,92614,1850000,5,4.0,WB - Woodbridge,3225,5100,1980,,574,105,Sold,,,https://www.redfin.com/CA/Irvine/9-Fairdawn-92614/home/4693114,CRMLS,OC21240821,N,Y,33.6744212,-117.808759
PAST SALE,January-3-2022,Single Family Residential,86 Island Coral,Irvine,CA,92620,1230000,3,2.5,CV - Cypress Village,1907,3000,2015,,645,135,Sold,,,https://www.redfin.com/CA/Irvine/86-Island-Coral-92620/home/112723133,CRMLS,WS21266024,N,Y,33.6836772,-117.7547233
PAST SALE,,Condo/Co-op,11 Aurora #25,Irvine,CA,92603,2100000,3,3.5,,3069,,1986,,684,,,,,https://www.redfin.com/CA/Irvine/11-Aurora-92603/unit-25/home/5710633,,,N,Y,33.6432282,-117.8106955
PAST SALE,April-14-2022,Single Family Residential,8 Pinebrook,Irvine,CA,92618,2158800,5,3.0,OC - Oak Creek,3000,5025,2000,,720,161,Sold,,,https://www.redfin.com/CA/Irvine/8-Pinebrook-92618/home/5767089,CRMLS,OC22058033,N,Y,33.6678481,-117.778778
PAST SALE,,Single Family Residential,41 Marsala,Irvine,CA,92606,990000,3,2.5,,1194,2500,1994,,829,,,,,https://www.redfin.com/CA/Irvine/41-Marsala-92606/home/4624542,,,N,Y,33.6909086,-117.8151544
PAST SALE,June-6-2022,Single Family Residential,18821 Tabor Dr,Irvine,CA,92603,1825000,4,2.5,TR - Turtle Rock,2018,6095,1970,,904,98,Sold,,,https://www.redfin.com/CA/Irvine/18821-Tabor-Dr-92603/home/4738062,CRMLS,OC22072097,N,Y,33.6470287,-117.8222321
PAST SALE,,Condo/Co-op,344 Chorus,Irvine,CA,92618,1234000,3,3.5,,2086,,2020,,592,,,,,https://www.redfin.com/CA/Irvine/344-Chorus-92618/home/176990529,,,N,Y,33.6671717,-117.7174296
PAST SALE,February-3-2023,Single Family Residential,56 Gainsboro,Irvine,CA,92620,2580000,5,5.5,STG - Stonegate,4116,4550,2018,,627,147,Sold,,,https://www.redfin.com/CA/Irvine/56-Gainsboro-92620/home/51684836,CRMLS,OC23019664,N,Y,33.7077979,-117.7352069
PAST SALE,May-25-2022,Condo/Co-op,105 Episode,Irvine,CA,92618,1300000,4,3.5,GP - Great Park,1986,1986,2019,,655,475,Sold,,,https://www.redfin.com/CA/Irvine/105-Episode-92618/home/173437337,CRMLS,WS22062691,N,Y,33.6818367,-117.7200871
PAST SALE,July-11-2023,Single Family Residential,22 Arches,Irvine,CA,92603,4500000,4,4.5,TRG - Turtle Ridge,4231,8975,2004,,1064,575,Sold,,,https://www.redfin.com/CA/Irvine/22-Arches-92603/home/5927924,CRMLS,OC23119300,N,Y,33.6210862,-117.819019
PAST SALE,February-24-2022,Single Family Residential,19461 Sierra Porto Rd,Irvine,CA,92603,1960000,4,2.0,TR - Turtle Rock,1800,5450,1971,,1089,125,Sold,,,https://www.redfin.com/CA/Irvine/19461-Sierra-Porto-Rd-92603/home/4740254,CRMLS,OC22008297,N,Y,33.6332134,-117.8190763
PAST SALE,,Condo/Co-op,76 Coral Lk #40,Irvine,CA,92614,1320000,3,2.5,,2028,,1985,,651,,,,,https://www.redfin.com/CA/Irvine/76-Coral-Lk-92614/unit-40/home/5669379,,,N,Y,33.6691743,-117.8029805
PAST SALE,,Condo/Co-op,8 Morning Breeze #36,Irvine,CA,92603,1500000,2,3.0,,1878,,1984,,799,,,,,https://www.redfin.com/CA/Irvine/8-Morning-Breeze-92603/unit-36/home/5710411,,,N,Y,33.6393882,-117.7996309
PAST SALE,February-25-2022,Single Family Residential,19 Ashford,Irvine,CA,92618,1900000,4,2.5,OC - Oak Creek,3200,4450,1999,,594,160,Sold,,,https://www.redfin.com/CA/Irvine/19-Ashford-92618/home/4746413,CRMLS,OC22010456,N,Y,33.664167,-117.7842689
PAST SALE,,Condo/Co-op,112 Costero Aisle #286,Irvine,CA,92614,608000,2,2.0,,871,,1987,,698,,,,,https://www.redfin.com/CA/Irvine/112-Costero-Aisle-92614/unit-286/home/5589054,,,N,Y,33.6817938,-117.8310542
PAST SALE,May-9-2022,Single Family Residential,34 Silkberry,Irvine,CA,92614,1550000,4,3.0,WB - Woodbridge,1900,3400,1984,,816,115,Sold,,,https://www.redfin.com/CA/Irvine/34-Silkberry-92614/home/4695907,CRMLS,OC22059114,N,Y,33.6695459,-117.7934602
PAST SALE,December-28-2021,Single Family Residential,103 Trowel,Irvine,CA,92618,1935000,5,4.5,GP - Great Park,3105,4514,2017,,623,215,Sold,,,https://www.redfin.com/CA/Irvine/103-Trowel-92618/home/108422971,CRMLS,OC21229944,N,Y,33.6916391,-117.7312209
PAST SALE,August-2-2023,Condo/Co-op,7 Iceberg Rose,Irvine,CA,92620,990000,2,2.5,WD - Woodbury,1175,,2005,,843,295,Sold,,,https://www.redfin.com/CA/Irvine/7-Iceberg-Rose-92620/home/7211914,CRMLS,OC23140670,N,Y,33.6993729,-117.7470229
PAST SALE,November-22-2021,Condo/Co-op,9 Palagonia Aisle,Irvine,CA,92606,910000,3,3.0,WP - Westpark,1498,,1998,,607,177,Sold,,,https://www.redfin.com/CA/Irvine/9-Palagonia-Aisle-92606/home/5590638,CRMLS,PW21253595,N,Y,33.685359,-117.8192137
PAST SALE,June-24-2022,Condo/Co-op,1308 Timberwood,Irvine,CA,92620,870000,2,2.5,NW - Northwood,1400,,2000,,621,330,Sold,,,https://www.redfin.com/CA/Irvine/1308-Timberwood-92620/home/5842751,CRMLS,OC22062658,N,Y,33.7285867,-117.7524051
PAST SALE,June-26-2023,Single Family Residential,5200 Irvine Blvd #55,Irvine,CA,92620,400000,2,2.0,NW - Northwood,1440,43560000,1978,,278,257,Sold,,,https://www.redfin.com/CA/Irvine/5200-Irvine-Blvd-92620/unit-55/home/5976917,CRMLS,OC23110668,N,Y,33.7080452,-117.754305
PAST SALE,,Single Family Residential,136 Orchard,Irvine,CA,92618,765000,2,2.5,,1133,2739,1977,,675,,,,,https://www.redfin.com/CA/Irvine/136-Orchard-92618/home/4746210,,,N,Y,33.6715408,-117.7703441
PAST SALE,March-15-2022,Single Family Residential,19 Sunriver,Irvine,CA,92614,1555000,4,3.0,Irvine,2410,,1979,,645,115,Sold,,,https://www.redfin.com/CA/Irvine/19-Sunriver-92614/home/4693018,SDMLS,220005905,N,Y,33.6743389,-117.8099276
PAST SALE,,Single Family Residential,4082 Manzanita,Irvine,CA,92604,775000,2,1.0,,1192,5030,1972,,650,,,,,https://www.redfin.com/CA/Irvine/4082-Manzanita-92604/home/4672013,,,N,Y,33.7001615,-117.7903589
PAST SALE,February-28-2023,Condo/Co-op,57 Island Coral,Irvine,CA,92620,1300000,3,2.5,CV - Cypress Village,1907,2700,2015,,682,135,Sold,,,https://www.redfin.com/CA/Irvine/57-Island-Coral-92620/home/112723496,CRMLS,TR23003718,N,Y,33.6834051,-117.7558808
PAST SALE,March-31-2022,Condo/Co-op,42 City Stroll,Irvine,CA,92620,900000,2,2.0,WD - Woodbury,1352,,2010,,666,380,Sold,,,https://www.redfin.com/CA/Irvine/42-City-Stroll-92620/home/58557214,CRMLS,OC22048778,N,Y,33.6972281,-117.7461691
PAST SALE,,Condo/Co-op,12 Acorn #25,Irvine,CA,92604,850000,2,2.0,,1186,,1978,,717,,,,,https://www.redfin.com/CA/Irvine/12-Acorn-92604/unit-25/home/5495756,,,N,Y,33.6841719,-117.788666
PAST SALE,February-14-2022,Condo/Co-op,249 Radial,Irvine,CA,92618,1380000,4,3.0,GP - Great Park,2079,3500,2016,,664,215,Sold,,,https://www.redfin.com/CA/Irvine/249-Radial-92618/home/143913822,CRMLS,OC22000821,N,Y,33.6886387,-117.7311293
PAST SALE,,Condo/Co-op,2661 Dietrich Dr,Tustin,CA,92782,700000,2,2.0,,962,,1994,,728,,,,,https://www.redfin.com/CA/Tustin/2661-Dietrich-Dr-92782/home/5628918,,,N,Y,33.7560036,-117.766332
PAST SALE,March-14-2022,Single Family Residential,26 Sandpiper,Irvine,CA,92604,1380000,3,2.0,WB - Woodbridge,1440,4320,1976,,958,115,Sold,,,https://www.redfin.com/CA/Irvine/26-Sandpiper-92604/home/4688128,CRMLS,OC22021515,N,Y,33.6860903,-117.800982
PAST SALE,,Condo/Co-op,118 Hargrove,Irvine,CA,92620,1740000,4,3.0,,2246,,2016,,775,,,,,https://www.redfin.com/CA/Irvine/118-Hargrove-92620/home/143910283,,,N,Y,33.7126787,-117.7556173
PAST SALE,June-3-2022,Townhouse,63 Chantilly,Irvine,CA,92620,1400000,3,3.0,WD - Woodbury,2026,,2005,,691,370,Sold,,,https://www.redfin.com/CA/Irvine/63-Chantilly-92620/home/7210933,CRMLS,OC22065872,N,Y,33.7023274,-117.7497145
PAST SALE,March-16-2022,Condo/Co-op,3093 Scholarship,Irvine,CA,92612,1300000,2,2.5,AA - Airport Area,1781,,2008,,730,1451,Sold,,,https://www.redfin.com/CA/Irvine/3093-Scholarship-92612/home/21934157,CRMLS,PW22052335,N,Y,33.667131,-117.85241
PAST SALE,,Single Family Residential,67 Trailwood,Irvine,CA,92620,1900000,4,3.0,,2805,5346,1997,,677,,,,,https://www.redfin.com/CA/Irvine/67-Trailwood-92620/home/4789232,,,N,Y,33.7231314,-117.758991
PAST SALE,April-28-2023,Condo/Co-op,324 Tangelo #325,Irvine,CA,92618,450000,2,1.5,OT - Orangetree,868,,1977,,518,387,Sold,,,https://www.redfin.com/CA/Irvine/324-Tangelo-92618/unit-325/home/5479789,CRMLS,OC23038793,N,Y,33.6709265,-117.7744526
PAST SALE,October-10-2022,Mobile/Manufactured Home,5200 Irvine Blvd #311,Irvine,CA,92620,499000,2,2.0,NW - Northwood,1440,,1978,,347,238,Sold,,,https://www.redfin.com/CA/Irvine/5200-Irvine-Blvd-92620/unit-311/home/5977315,CRMLS,OC22222548,N,Y,33.7080452,-117.754305
PAST SALE,January-5-2022,Condo/Co-op,108 Echo Run #61,Irvine,CA,92614,633000,3,2.0,WB - Woodbridge,1117,,1980,,567,432,Sold,,,https://www.redfin.com/CA/Irvine/108-Echo-Run-92614/unit-61/home/5644906,CRMLS,OC21268297,N,Y,33.6680719,-117.8158219
PAST SALE,February-24-2022,Townhouse,10 Fieldflower #1,Irvine,CA,92614,1041000,3,2.0,WB - Woodbridge,1816,1000,1984,,573,555,Sold,,,https://www.redfin.com/CA/Irvine/10-Fieldflower-92614/unit-1/home/5641070,CRMLS,PW22012931,N,Y,33.6678414,-117.8099171
PAST SALE,March-24-2023,Condo/Co-op,3267 Watermarke Pl,Irvine,CA,92612,524000,1,1.0,AA - Airport Area,648,648,2003,,809,456,Sold,,,https://www.redfin.com/CA/Irvine/3267-Watermarke-Pl-92612/home/5980489,CRMLS,OC23035687,N,Y,33.6661237,-117.8507675
PAST SALE,May-23-2022,Condo/Co-op,120 Oasis,Irvine,CA,92620,1370000,3,2.5,STG - Stonegate,1654,2500,2013,,828,316,Sold,,,https://www.redfin.com/CA/Irvine/120-Oasis-92620/home/58557519,CRMLS,OC22058527,N,Y,33.7064002,-117.7467446
PAST SALE,,Condo/Co-op,43 Lakeview #49,Irvine,CA,92604,1569000,3,2.5,,2406,,1977,,652,,,,,https://www.redfin.com/CA/Irvine/43-Lakeview-92604/unit-49/home/5468886,,,N,Y,33.6823628,-117.7946198
PAST SALE,March-21-2022,Single Family Residential,4291 Bridgeway St,Irvine,CA,92604,1700000,4,3.0,EC - El Camino Real,2449,5001,1972,,694,65,Sold,,,https://www.redfin.com/CA/Irvine/4291-Bridgeway-St-92604/home/4668826,CRMLS,PW22028728,N,Y,33.7001337,-117.7854961
PAST SALE,,Condo/Co-op,66 Oval Rd #4,Irvine,CA,92604,649500,2,1.0,,862,,1972,,753,,,,,https://www.redfin.com/CA/Irvine/66-Oval-Rd-92604/unit-4/home/5340252,,,N,Y,33.6932106,-117.7731523
PAST SALE,,Townhouse,1103 Elmhurst,Irvine,CA,92618,655000,2,2.5,,1183,,1999,,554,,,,,https://www.redfin.com/CA/Irvine/1103-Elmhurst-92618/home/5793392,,,N,Y,33.6683777,-117.7821192
PAST SALE,January-5-2022,Townhouse,264 Rockefeller,Irvine,CA,92612,1255000,3,2.5,AA - Airport Area,2245,,2014,,559,446,Sold,,,https://www.redfin.com/CA/Irvine/264-Rockefeller-92612/home/58556879,CRMLS,OC21253867,N,Y,33.6757082,-117.847034
PAST SALE,June-3-2022,Single Family Residential,29 Almond Tree Ln,Irvine,CA,92612,1050000,4,2.0,UP - University Park,1916,5100,1973,,548,282,Sold,,,https://www.redfin.com/CA/Irvine/29-Almond-Tree-Ln-92612/home/4707779,CRMLS,OC22124263,N,Y,33.6647156,-117.8103878
PAST SALE,June-29-2022,Condo/Co-op,3167 Watermarke Pl,Irvine,CA,92612,525000,1,1.0,AA - Airport Area,648,700,2003,,810,397,Sold,,,https://www.redfin.com/CA/Irvine/3167-Watermarke-Pl-92612/home/5952428,CRMLS,OC22113287,N,Y,33.6661348,-117.8507742
PAST SALE,,Single Family Residential,4382 Manzanita,Irvine,CA,92604,400000,2,1.0,,1192,5030,1974,,336,,,,,https://www.redfin.com/CA/Irvine/4382-Manzanita-92604/home/4673807,,,N,Y,33.6973209,-117.7862843
PAST SALE,May-23-2023,Single Family Residential,41 WOODS Trl,Irvine,CA,92603,4350000,5,4.5,TRG - Turtle Ridge,3902,7236,2005,,1115,575,Sold,,,https://www.redfin.com/CA/Irvine/41-Woods-Trl-92603/home/5900494,CRMLS,OC23090249,N,Y,33.625609,-117.8106155
PAST SALE,April-2-2023,Townhouse,68 Origin,Irvine,CA,92618,1370000,4,3.5,PS - Portola Springs,2076,1000,2014,,660,343,Sold,,,https://www.redfin.com/CA/Irvine/68-Origin-92618/home/112720980,CRMLS,OC23051872,N,Y,33.700698406,-117.7302552
PAST SALE,May-25-2022,Condo/Co-op,112 Hargrove,Irvine,CA,92620,1770000,4,3.0,EASTW - Eastwood,2217,,2016,,798,125,Sold,,,https://www.redfin.com/CA/Irvine/112-Hargrove-92620/home/143910280,CRMLS,OC22074484,N,Y,33.712763,-117.755801
PAST SALE,May-16-2022,Single Family Residential,6 Mandrake Way,Irvine,CA,92612,1350000,4,2.5,UP - University Park,2682,3200,1968,,503,213,Sold,,,https://www.redfin.com/CA/Irvine/6-Mandrake-Way-92612/home/4701094,CRMLS,OC22040676,N,Y,33.6591784,-117.825808
PAST SALE,,Condo/Co-op,47 Heritage,Irvine,CA,92604,240000,3,1.5,,1121,,1978,,214,,,,,https://www.redfin.com/CA/Irvine/47-Heritage-92604/home/5473967,,,N,Y,33.6967925,-117.7749133
PAST SALE,February-16-2022,Condo/Co-op,134 Clearbrook #14,Irvine,CA,92614,750000,2,2.0,WB - Woodbridge,970,,1980,,773,432,Sold,,,https://www.redfin.com/CA/Irvine/134-Clearbrook-92614/unit-14/home/5640757,CRMLS,OC22010471,N,Y,33.6667011,-117.8096937
PAST SALE,March-17-2022,Townhouse,131 Rockwood #3,Irvine,CA,92614,755500,2,1.5,WB - Woodbridge,1098,1000,1983,,688,415,Sold,,,https://www.redfin.com/CA/Irvine/131-Rockwood-92614/unit-3/home/5646001,CRMLS,OC22007061,N,Y,33.6700213,-117.8191537
PAST SALE,February-28-2022,Condo/Co-op,51 Ashbrook #67,Irvine,CA,92604,940000,3,2.5,WB - Woodbridge,1399,,1978,,672,432,Sold,,,https://www.redfin.com/CA/Irvine/51-Ashbrook-92604/unit-67/home/5505162,CRMLS,OC22007255,N,Y,33.6811564,-117.781893
PAST SALE,February-18-2022,Single Family Residential,108 Knob,Irvine,CA,92602,4905000,5,5.5,OH - Orchard Hills,5947,8408,2018,,825,289,Sold,,,https://www.redfin.com/CA/Irvine/108-Knob-Crk-92602/home/143911616,CRMLS,OC22001236,N,Y,33.7511299,-117.7508544
PAST SALE,,Condo/Co-op,2937 Ryder Pl #095,Tustin,CA,92782,1102000,3,2.0,,1351,,1998,,816,,,,,https://www.redfin.com/CA/Tustin/2937-Ryder-Pl-92782/unit-095/home/5629070,,,N,Y,33.7381376,-117.7793579
PAST SALE,June-17-2022,Condo/Co-op,46 Herringbone,Irvine,CA,92620,915000,2,2.5,WD - Woodbury,1030,,2008,,888,239,Sold,,,https://www.redfin.com/CA/Irvine/46-Herringbone-92620/home/17469080,CRMLS,OC22099216,N,Y,33.6941151,-117.7473093
PAST SALE,February-22-2022,Single Family Residential,4042 Glenwood St,Irvine,CA,92604,1140000,3,2.0,EC - El Camino Real,1479,5500,1972,,771,65,Sold,,,https://www.redfin.com/CA/Irvine/4042-Glenwood-St-92604/home/4667801,CRMLS,OC22013276,N,Y,33.7026633,-117.788666
PAST SALE,February-1-2022,Single Family Residential,17 Racing Wind,Irvine,CA,92614,1285000,3,2.5,WB - Woodbridge,1859,3024,1980,,691,199,Sold,,,https://www.redfin.com/CA/Irvine/17-Racing-Wind-92614/home/4695407,CRMLS,OC21264803,N,Y,33.6687939,-117.8158346
PAST SALE,March-4-2022,Condo/Co-op,97 Mayfair,Irvine,CA,92620,1010000,2,2.0,STG - Stonegate,1305,,2012,,774,371,Sold,,,https://www.redfin.com/CA/Irvine/97-Mayfair-92620/home/51681424,CRMLS,OC22016108,N,Y,33.7045087,-117.7450199
PAST SALE,June-9-2022,Condo/Co-op,5 Moon Shadow #3,Irvine,CA,92603,955000,3,2.5,TR - Turtle Rock,1740,,1980,,549,395,Sold,,,https://www.redfin.com/CA/Irvine/5-Moon-Shadow-92603/unit-3/home/5288860,CRMLS,OC22086896,N,Y,33.633742,-117.8000658
PAST SALE,April-6-2022,Single Family Residential,19222 Sierra Isabelle Rd,Irvine,CA,92603,1750000,3,2.0,TR - Turtle Rock,1544,6500,1972,,1133,125,Sold,,,https://www.redfin.com/CA/Irvine/19222-Sierra-Isabelle-Rd-92603/home/4741384,CRMLS,OC22069223,N,Y,33.6308184,-117.8087353
PAST SALE,July-31-2023,Single Family Residential,24 Foxhill,Irvine,CA,92604,1300000,3,2.0,EC - El Camino Real,1725,5850,1976,,754,267,Sold,,,https://www.redfin.com/CA/Irvine/24-Foxhill-92604/home/4683822,CRMLS,OC23124007,N,Y,33.6910507,-117.7908577
PAST SALE,August-18-2022,Single Family Residential,1 Skyline,Irvine,CA,92612,4100000,4,2.5,TR - Turtle Rock,3255,8400,1992,,1260,366,Sold,,,https://www.redfin.com/CA/Irvine/1-Skyline-92603/home/4745617,CRMLS,OC22172801,N,Y,33.638857,-117.8142678
PAST SALE,,Single Family Residential,15342 Saverne Cir,Irvine,CA,92604,1000000,4,2.0,,1400,6240,1971,,714,,,,,https://www.redfin.com/CA/Irvine/15342-Saverne-Cir-92604/home/4682095,,,N,Y,33.6870955,-117.7850934
PAST SALE,January-11-2023,Single Family Residential,60 Gainsboro,Irvine,CA,92620,2320000,5,5.5,STG - Stonegate,3956,4500,2017,,586,135,Sold,,,https://www.redfin.com/CA/Irvine/60-Gainsboro-92620/home/51684838,CRMLS,PW23005651,N,Y,33.7075811,-117.735436
PAST SALE,September-6-2022,Single Family Residential,4051 Northpark Cir,Irvine,CA,92604,1460000,4,3.0,El Camino Real,2429,6750,1975,,601,70,Sold,,,https://www.redfin.com/CA/Irvine/4051-Northpark-Cir-92604/home/4667119,TheMLS,22-177765,N,Y,33.70402,-117.7870629
PAST SALE,,Condo/Co-op,148 Stanford Ct #74,Irvine,CA,92612,700000,2,3.0,,1354,,1985,,517,,,,,https://www.redfin.com/CA/Irvine/148-Stanford-Ct-92612/unit-74/home/5679628,,,N,Y,33.6548603,-117.841986
PAST SALE,,Townhouse,3 Springfield,Irvine,CA,92604,570000,3,1.5,,1121,,1977,,508,,,,,https://www.redfin.com/CA/Irvine/3-Springfield-92604/home/5474102,,,N,Y,33.6956823,-117.7739285
PAST SALE,August-25-2021,Single Family Residential,74 Fenway,Irvine,CA,92620,1925000,4,4.5,STG - Stonegate,3614,5837,2015,,533,120,Sold,,,https://www.redfin.com/CA/Irvine/74-Fenway-92620/home/51684647,CRMLS,OC21187840,N,Y,33.7061556,-117.735665
PAST SALE,April-14-2022,Condo/Co-op,102 Peony,Irvine,CA,92618,980000,2,2.5,WD - Woodbury,1665,,2010,,589,389,Sold,,,https://www.redfin.com/CA/Irvine/102-Peony-92618/home/40103038,CRMLS,PW22036384,N,Y,33.6870692,-117.7472008
PAST SALE,May-13-2022,Single Family Residential,103 Dawn Hike,Irvine,CA,92620,2480000,4,4.5,EASTW - Eastwood,3392,3965,2017,,731,125,Sold,,,https://www.redfin.com/CA/Irvine/103-Dawn-Hike-92620/home/143911733,CRMLS,TR22070495,N,Y,33.7195339,-117.7495924
PAST SALE,June-8-2023,Single Family Residential,34 Rose Trellis,Irvine,CA,92603,3250000,3,3.5,TRG - Turtle Ridge,3266,7404,2004,,995,575,Sold,,,https://www.redfin.com/CA/Irvine/34-Rose-Trellis-92603/home/5901075,CRMLS,OC23101588,N,Y,33.6264824,-117.8241333
PAST SALE,February-25-2022,Single Family Residential,4625 Green Tree Ln,Irvine,CA,92612,1385000,3,2.5,UP - University Park,2072,3500,1969,,668,282,Sold,,,https://www.redfin.com/CA/Irvine/4625-Green-Tree-Ln-92612/home/4702699,CRMLS,OC22011511,N,Y,33.6624814,-117.8154188
PAST SALE,,Single Family Residential,8 Tyler Ct,Irvine,CA,92602,1100000,4,3.0,,2287,4865,1998,,481,,,,,https://www.redfin.com/CA/Irvine/8-Tyler-Ct-92602/home/4793090,,,N,Y,33.7371662,-117.7722314
PAST SALE,July-31-2023,Single Family Residential,29 Castlerock,Irvine,CA,92603,4275000,4,3.5,TRG - Turtle Ridge,3390,9954,2004,,1261,515,Sold,,,https://www.redfin.com/CA/Irvine/29-Castlerock-92603/home/5900843,CRMLS,NP23142940,N,Y,33.6258882,-117.8192823
PAST SALE,,Single Family Residential,2 Brandywine,Irvine,CA,92620,1350000,4,2.0,,1975,5568,1977,,684,,,,,https://www.redfin.com/CA/Irvine/2-Brandywine-92620/home/4778426,,,N,Y,33.7156129,-117.7731842
PAST SALE,April-20-2022,Single Family Residential,33 Vernal Spg,Irvine,CA,92603,5400000,3,3.5,SH - Shady Canyon,4128,15594,2004,,1308,900,Sold,,,https://www.redfin.com/CA/Irvine/33-Vernal-Spg-92603/home/5899726,CRMLS,NP22081093,N,Y,33.6404442,-117.7910019
PAST SALE,February-7-2022,Single Family Residential,2 Butler St,Irvine,CA,92612,1600000,4,2.5,UP - University Park,2093,6400,1965,,764,150,Sold,,,https://www.redfin.com/CA/Irvine/2-Butler-St-92612/home/4698876,CRMLS,OC22002405,N,Y,33.6623566,-117.8240219
PAST SALE,October-22-2021,Single Family Residential,56 Steeplechase,Irvine,CA,92602,2330000,4,4.5,OH - Orchard Hills,3633,7184,2020,,641,289,Sold,,,https://www.redfin.com/CA/Irvine/56-Steeplechase-92602/home/143911214,CRMLS,OC21198861,N,Y,33.7558425,-117.7601572
PAST SALE,November-12-2021,Single Family Residential,50 Royal Pne,Irvine,CA,92602,2300000,4,4.5,OH - Orchard Hills,3847,7769,2017,,598,297,Sold,,,https://www.redfin.com/CA/Irvine/50-Royal-Pne-92602/home/112724440,CRMLS,OC21254178,N,Y,33.7507057,-117.7626942
PAST SALE,September-18-2022,Single Family Residential,34 Coldbrook,Irvine,CA,92604,3000000,4,3.0,WB - Woodbridge,3244,7210,1979,,925,,Sold,,,https://www.redfin.com/CA/Irvine/34-Coldbrook-92604/home/4690904,CRMLS,OC22203936,N,Y,33.6800706,-117.7950095
PAST SALE,April-29-2022,Condo/Co-op,141 Yellow Pne,Irvine,CA,92618,1740000,5,3.0,PS - Portola Springs,2413,,2014,,721,215,Sold,,,https://www.redfin.com/CA/Irvine/141-Yellow-Pne-92618/home/58555616,CRMLS,OC22048637,N,Y,33.6984555,-117.7142931
PAST SALE,May-2-2023,Single Family Residential,59 Festivo,Irvine,CA,92606,1636803,4,2.5,WP - Westpark,2365,6000,1995,,692,49,Sold,,,https://www.redfin.com/CA/Irvine/59-Festivo-92606/home/4628512,CRMLS,PW23075059,N,Y,33.6923229,-117.8080622
PAST SALE,,Condo/Co-op,12 Springflower #49,Irvine,CA,92614,1020000,3,2.5,,1373,,1985,,743,,,,,https://www.redfin.com/CA/Irvine/12-Springflower-92614/unit-49/home/5250436,,,N,Y,33.6655989,-117.7954365
PAST SALE,February-8-2022,Single Family Residential,48 Twin Gables,Irvine,CA,92620,1188888,4,3.0,WD - Woodbury,2387,4879,2010,,498,140,Sold,,,https://www.redfin.com/CA/Irvine/48-Twin-Gables-92620/home/40101711,CRMLS,AR21265747,N,Y,33.6940261,-117.7507931
PAST SALE,April-11-2022,Single Family Residential,121 Carrotwood,Irvine,CA,92618,1825000,4,3.0,GP - Great Park,2525,4700,2014,,723,215,Sold,,,https://www.redfin.com/CA/Irvine/121-Carrotwood-92618/home/112721346,CRMLS,OC22043975,N,Y,33.7012341,-117.721728
PAST SALE,March-14-2023,Townhouse,91 Stanford Ct #62,Irvine,CA,92612,1090000,3,3.0,UT - University Town Center,1413,1943,1985,,771,366,Sold,,,https://www.redfin.com/CA/Irvine/91-Stanford-Ct-92612/unit-62/home/5680167,CRMLS,OC23042154,N,Y,33.6571528,-117.8400495
PAST SALE,,Single Family Residential,4361 Bridgeway St,Irvine,CA,92604,1330000,5,3.0,,2089,5001,1972,,637,,,,,https://www.redfin.com/CA/Irvine/4361-Bridgeway-St-92604/home/4668804,,,N,Y,33.6995056,-117.7845896
PAST SALE,,Single Family Residential,19112 Biddle Dr,Irvine,CA,92603,1348500,3,2.0,,1649,7462,1969,,818,,,,,https://www.redfin.com/CA/Irvine/19112-Biddle-Dr-92603/home/4739500,,,N,Y,33.6412232,-117.8211393
PAST SALE,June-3-2022,Condo/Co-op,3131 Michelson Dr #1607,Irvine,CA,92612,995000,2,2.0,AA - Airport Area,1249,,2006,,797,1100,Sold,,,https://www.redfin.com/CA/Irvine/3131-Michelson-Dr-92612/unit-1607/home/7211510,CRMLS,OC22119487,N,Y,33.673685,-117.8437351
PAST SALE,March-17-2022,Condo/Co-op,20 Ovation,Irvine,CA,92620,1268000,3,3.0,STG - Stonegate,1614,,2012,,786,390,Sold,,,https://www.redfin.com/CA/Irvine/20-Ovation-92620/home/51681967,CRMLS,OC22024323,N,Y,33.7065719,-117.7454114
PAST SALE,May-18-2022,Townhouse,103 Citysquare,Irvine,CA,92614,1180000,4,3.5,AA - Airport Area,1868,1000,2019,,632,300,Sold,,,https://www.redfin.com/CA/Irvine/103-Citysquare-92614/home/173436540,CRMLS,WS22061321,N,Y,33.6861268,-117.8531673
PAST SALE,March-7-2022,Single Family Residential,52 Appomattox,Irvine,CA,92620,1100000,3,2.5,NW - Northwood,1560,3520,1985,,705,78,Sold,,,https://www.redfin.com/CA/Irvine/52-Appomattox-92620/home/4783401,CRMLS,OC22036629,N,Y,33.7029714,-117.7719932
PAST SALE,February-28-2022,Condo/Co-op,2240 Nolita,Irvine,CA,92612,555000,1,1.0,AA - Airport Area,693,684,2018,,801,485,Sold,,,https://www.redfin.com/CA/Irvine/2240-Nolita-92612/home/169482231,CRMLS,OC22011214,N,Y,33.6771222,-117.8475739
PAST SALE,March-24-2022,Townhouse,71 Fairfax,Irvine,CA,92620,1180000,3,3.0,STG - Stonegate,1614,1800,2013,,731,405,Sold,,,https://www.redfin.com/CA/Irvine/71-Fairfax-92620/home/58557468,CRMLS,OC21269214,N,Y,33.7070048,-117.7485455
PAST SALE,March-8-2023,Single Family Residential,91 Nassau,Irvine,CA,92620,1800000,4,3.0,STG - Stonegate,2350,4700,2012,,766,147,Sold,,,https://www.redfin.com/CA/Irvine/91-Nassau-92620/home/40101606,CRMLS,OC23047790,N,Y,33.704995,-117.7396201
PAST SALE,,Single Family Residential,115 Cruiser,Irvine,CA,92618,3730000,5,5.5,,4602,8165,2016,,811,,,,,https://www.redfin.com/CA/Irvine/115-Cruiser-92618/home/109243699,,,N,Y,33.6853951,-117.7328703
PAST SALE,July-14-2023,Condo/Co-op,7 Ashbrook #95,Irvine,CA,92604,850000,3,2.5,WB - Woodbridge,1383,,1978,,615,460,Sold,,,https://www.redfin.com/CA/Irvine/7-Ashbrook-92604/unit-95/home/5505269,CRMLS,OC23113966,N,Y,33.6809247,-117.7833709
PAST SALE,September-13-2021,Condo/Co-op,149 Mongoose,Irvine,CA,92618,903000,3,2.0,GP - Great Park,1738,,2016,,520,435,Sold,,,https://www.redfin.com/CA/Irvine/149-Mongoose-92618/home/143914870,CRMLS,PW21202097,N,Y,33.6862331,-117.736287
PAST SALE,May-3-2022,Mobile/Manufactured Home,5200 Irvine Blvd #125,Irvine,CA,92620,490000,2,2.0,NW - Northwood,2040,,1980,,240,,Sold,,,https://www.redfin.com/CA/Irvine/5200-Irvine-Blvd-92620/unit-125/home/5977031,CRMLS,OC22053803,N,Y,33.7080452,-117.754305
PAST SALE,June-17-2022,Condo/Co-op,159 Rockwood #49,Irvine,CA,92614,786000,3,2.0,WB - Woodbridge,1355,,1983,,580,439,Sold,,,https://www.redfin.com/CA/Irvine/159-Rockwood-92614/unit-49/home/5646240,CRMLS,OC22104579,N,Y,33.6701403,-117.8199885
PAST SALE,May-31-2023,Condo/Co-op,53 Jade Flower,Irvine,CA,92620,1200000,3,3.0,CV - Cypress Village,1619,1680,2015,,741,350,Sold,,,https://www.redfin.com/CA/Irvine/53-Jade-Flower-92620/home/112722104,CRMLS,OC23069760,N,Y,33.681368,-117.7578514
PAST SALE,October-18-2022,Condo/Co-op,72 Royal Victoria,Irvine,CA,92606,920000,2,2.5,WN - Walnut (Irvine),1264,,2000,,728,215,Sold,,,https://www.redfin.com/CA/Irvine/72-Royal-Victoria-92606/home/5918222,CRMLS,OC22192198,N,Y,33.7044957,-117.7998415
PAST SALE,March-9-2022,Townhouse,12651 Trent Jones Ln,Tustin,CA,92782,960000,3,2.5,89 - Tustin Ranch,1848,,1998,,519,411,Sold,,,https://www.redfin.com/CA/Tustin/12651-Trent-Jones-Ln-92782/home/5430833,CRMLS,PW22015165,N,Y,33.7350034,-117.7813308
PAST SALE,June-16-2023,Condo/Co-op,118 Working Rnch,Irvine,CA,92620,1280000,3,2.5,OH - Orchard Hills,1731,,2017,,739,405,Sold,,,https://www.redfin.com/CA/Irvine/118-Working-Rnch-92602/home/167412468,CRMLS,OC23081467,N,Y,33.7355708,-117.7480806
PAST SALE,,Condo/Co-op,105 Tangelo #400,Irvine,CA,92618,570000,2,1.0,,868,,1978,,657,,,,,https://www.redfin.com/CA/Irvine/105-Tangelo-92618/unit-400/home/5482237,,,N,Y,33.6706281,-117.7751857
PAST SALE,February-8-2022,Townhouse,53 Chantilly,Irvine,CA,92620,1225000,3,2.5,WD - Woodbury,1951,,2005,,628,370,Sold,,,https://www.redfin.com/CA/Irvine/53-Chantilly-92620/home/5978860,CRMLS,TR22000423,N,Y,33.7025336,-117.7500048
PAST SALE,,Single Family Residential,41 Enchanted,Irvine,CA,92620,2650000,5,5.5,,4212,5665,2005,,629,,,,,https://www.redfin.com/CA/Irvine/41-Enchanted-92620/home/5958311,,,N,Y,33.7020694,-117.7534878
PAST SALE,June-7-2022,Single Family Residential,2 Bayfield,Irvine,CA,92614,1255000,4,2.5,WB - Woodbridge,1718,3189,1999,,731,247,Sold,,,https://www.redfin.com/CA/Irvine/2-Bayfield-92614/home/4697628,CRMLS,OC22077180,N,Y,33.6660711,-117.8059327
PAST SALE,August-9-2022,Single Family Residential,52 Quarter Horse,Irvine,CA,92602,1780000,4,3.0,OH - Orchard Hills,2267,3499,2014,,785,196,Sold,,,https://www.redfin.com/CA/Irvine/52-Quarter-Horse-92602/home/109734677,CRMLS,OC22163886,N,Y,33.7370075,-117.7555937
PAST SALE,,Single Family Residential,5 Millbrae,Irvine,CA,92602,1000000,3,2.5,,1982,2640,2000,,505,,,,,https://www.redfin.com/CA/Irvine/5-Millbrae-92602/home/5770815,,,N,Y,33.7328941,-117.7706846
PAST SALE,March-25-2022,Single Family Residential,17 Alondra,Irvine,CA,92620,1450000,4,2.5,NW - Northwood,2400,5000,1977,,604,150,Sold,,,https://www.redfin.com/CA/Irvine/17-Alondra-92620/home/4787078,CRMLS,OC22060692,N,Y,33.7188171,-117.7658752
PAST SALE,,Condo/Co-op,3 Claret #54,Irvine,CA,92614,775000,2,2.0,,1151,,1981,,673,,,,,https://www.redfin.com/CA/Irvine/3-Claret-92614/unit-54/home/5632948,,,N,Y,33.673215473443335,-117.81354177651072
PAST SALE,May-17-2022,Condo/Co-op,123 Hyde Park,Irvine,CA,92606,1190000,3,2.5,WN - Walnut (Irvine),1516,,2001,,785,215,Sold,,,https://www.redfin.com/CA/Irvine/123-Hyde-Park-92606/home/5918175,CRMLS,OC22066563,N,Y,33.7059622,-117.8001309
PAST SALE,November-8-2022,Townhouse,13 Sunstream,Irvine,CA,92603,920000,3,2.5,TR - Turtle Rock,1740,,1981,,529,395,Sold,,,https://www.redfin.com/CA/Irvine/13-Sunstream-92603/home/182251487,CRMLS,OC22218343,N,Y,33.6330949,-117.7976184
PAST SALE,June-6-2022,Townhouse,221 Overbrook,Irvine,CA,92620,1298000,3,3.0,STG - Stonegate,1615,1800,2012,,804,375,Sold,,,https://www.redfin.com/CA/Irvine/221-Overbrook-92620/home/51681855,CRMLS,TR22087058,N,Y,33.7067255,-117.7447271
PAST SALE,,Condo/Co-op,88 Havenwood #34,Irvine,CA,92614,650000,2,2.0,,1130,,1980,,575,,,,,https://www.redfin.com/CA/Irvine/88-Havenwood-92614/unit-34/home/5576328,,,N,Y,33.6745775,-117.8108788
PAST SALE,June-2-2023,Single Family Residential,73 Gravity,Irvine,CA,92618,3096000,4,5.0,GP - Great Park,4238,5518,2017,,731,354,Sold,,,https://www.redfin.com/CA/Irvine/73-Gravity-92618/home/167386318,CRMLS,OC23064538,N,Y,33.6758312,-117.710144
PAST SALE,February-28-2022,Single Family Residential,154 Linda Vis,Irvine,CA,92618,2000000,4,3.0,IRSP - Irvine Spectrum,2367,2800,2018,,845,215,Sold,,,https://www.redfin.com/CA/Irvine/154-Linda-Vis-92618/home/169485605,CRMLS,OC21267982,N,Y,33.6387579,-117.744324
PAST SALE,May-20-2022,Condo/Co-op,102 Pendant,Irvine,CA,92620,1370000,3,2.5,STG - Stonegate,1861,,2011,,736,135,Sold,,,https://www.redfin.com/CA/Irvine/102-Pendant-92620/home/45383206,CRMLS,WS22087330,N,Y,33.7029875,-117.7398831
PAST SALE,May-31-2022,Single Family Residential,125 Follyhatch,Irvine,CA,92618,1820000,4,3.0,GP - Great Park,2517,4200,2016,,723,215,Sold,,,https://www.redfin.com/CA/Irvine/125-Follyhatch-92618/home/108595279,CRMLS,OC22099417,N,Y,33.6886998,-117.7381849
PAST SALE,February-23-2022,Single Family Residential,15401 Cherbourg Ave,Irvine,CA,92604,1421500,4,2.0,EC - El Camino Real,1788,6400,1969,,795,,Sold,,,https://www.redfin.com/CA/Irvine/15401-Cherbourg-Ave-92604/home/4680457,CRMLS,OC22012979,N,Y,33.6852524,-117.7842231
PAST SALE,December-1-2021,Single Family Residential,21 Parasol,Irvine,CA,92620,2200000,5,4.5,NW - Northwood,4039,6011,2004,,545,162,Sold,,,https://www.redfin.com/CA/Irvine/21-Parasol-92620/home/5931109,CRMLS,WS21245920,N,Y,33.7036613,-117.7600373
PAST SALE,December-30-2022,Vacant Land,54 Boulderview,Irvine,CA,92603,2650000,,,SH - Shady Canyon,,26349,,,,,Sold,,,https://www.redfin.com/CA/Irvine/54-Boulder-Vw-92603/home/179515011,CRMLS,OC22261118,N,Y,33.634778,-117.782389
PAST SALE,April-5-2022,Single Family Residential,21925 Annette Ave,Lake Forest,CA,92630,1000000,4,3.0,LS - Lake Forest South,2884,5400,1979,,347,82,Sold,,,https://www.redfin.com/CA/Lake-Forest/21925-Annette-Ave-92630/home/4829449,CRMLS,OC21264874,N,Y,33.6441605,-117.7110605
PAST SALE,April-5-2022,Condo/Co-op,186 Milky Way,Irvine,CA,92618,1350000,3,3.5,PS - Portola Springs,1630,2800,2019,,828,251,Sold,,,https://www.redfin.com/CA/Irvine/186-Milky-Way-92618/home/169481399,CRMLS,OC22033466,N,Y,33.6975403,-117.7028668
PAST SALE,February-1-2022,Condo/Co-op,109 Hemisphere,Irvine,CA,92618,1500000,4,3.0,PS - Portola Springs,2389,3413,2018,,628,238,Sold,,,https://www.redfin.com/CA/Irvine/109-Hemisphere-92618/home/169481360,CRMLS,OC22010285,N,Y,33.6922956,-117.7057451
PAST SALE,October-21-2021,Single Family Residential,162 Leafy Pass,Irvine,CA,92602,6000000,5,5.5,OH - Orchard Hills,6288,11030,2018,,954,289,Sold,,,https://www.redfin.com/CA/Irvine/162-Leafy-Pass-92602/home/143911501,CRMLS,OC21193477,N,Y,33.756135,-117.749977
PAST SALE,October-27-2021,Single Family Residential,16 Wickland,Irvine,CA,92620,1488000,5,3.0,NW - Northwood,2939,5000,1986,,506,,Sold,,,https://www.redfin.com/CA/Irvine/16-Wickland-92620/home/4783209,CRMLS,OC21199121,N,Y,33.710166,-117.771402
PAST SALE,,Single Family Residential,36 Brena,Irvine,CA,92620,1525000,4,2.5,,2864,4744,1979,,532,,,,,https://www.redfin.com/CA/Irvine/36-Brena-92620/home/4786177,,,N,Y,33.7232527,-117.7672751
PAST SALE,,Single Family Residential,70 Chasma,Irvine,CA,92618,1580000,3,3.0,,2988,4690,2018,,529,,,,,https://www.redfin.com/CA/Irvine/70-Chasma-92618/home/167386398,,,N,Y,33.6767049,-117.7125268
PAST SALE,January-21-2022,Condo/Co-op,2520 Nolita,Irvine,CA,92612,770000,2,2.0,AA - Airport Area,1171,,2019,,658,507,Sold,,,https://www.redfin.com/CA/Irvine/2520-Nolita-92612/home/169482287,CRMLS,OC21269229,N,Y,33.6771222,-117.8475739
PAST SALE,March-24-2023,Single Family Residential,12 Oakdale,Irvine,CA,92604,1760000,5,3.0,WB - Woodbridge,3009,4792,1979,,585,115,Sold,,,https://www.redfin.com/CA/Irvine/12-Oakdale-92604/home/4689280,CRMLS,OC23031855,N,Y,33.6889492,-117.7955843
PAST SALE,June-10-2022,Condo/Co-op,332 Flyers Ln,Tustin,CA,92782,1205000,3,2.5,TF - Tustin Field,1488,2000,2005,,810,240,Sold,,,https://www.redfin.com/CA/Tustin/332-Flyers-Ln-92782/home/22746101,CRMLS,OC22071160,N,Y,33.7020138,-117.8022518
PAST SALE,April-13-2023,Condo/Co-op,211 Regal,Irvine,CA,92620,1650000,4,4.0,WD - Woodbury,2675,,2010,,617,460,Sold,,,https://www.redfin.com/CA/Irvine/211-Regal-92620/home/40102363,CRMLS,OC23056785,N,Y,33.6923342,-117.7487393
PAST SALE,March-14-2022,Condo/Co-op,113 Pitch,Irvine,CA,92618,1680000,4,3.0,GP - Great Park,2798,,2018,,600,215,Sold,,,https://www.redfin.com/CA/Irvine/113-Pitch-92618/home/169481980,CRMLS,PW22013502,N,Y,33.6856175,-117.7271775
PAST SALE,December-27-2021,Single Family Residential,8 Bloomdale,Irvine,CA,92614,1450000,4,3.0,WB - Woodbridge,2518,4750,1985,,576,105,Sold,,,https://www.redfin.com/CA/Irvine/8-Bloomdale-92614/home/4697187,CRMLS,OC21267093,N,Y,33.6704952,-117.7985133
PAST SALE,,Condo/Co-op,79 Tarocco,Irvine,CA,92618,615000,2,2.0,,951,,1983,,647,,,,,https://www.redfin.com/CA/Irvine/79-Tarocco-92618/home/5480016,,,N,Y,33.6743499,-117.7744888
PAST SALE,,Condo/Co-op,9 Sweetwater #12,Irvine,CA,92603,650000,1,1.5,,1595,,1977,,408,,,,,https://www.redfin.com/CA/Irvine/9-Sweetwater-92603/unit-12/home/5462492,,,N,Y,33.6486719,-117.8153599
PAST SALE,July-27-2023,Single Family Residential,14951 Gainford Cir,Irvine,CA,92604,1193000,5,3.0,EC - El Camino Real,2464,4992,1971,,484,,Sold,,,https://www.redfin.com/CA/Irvine/14951-Gainford-Cir-92604/home/4669911,CRMLS,OC23107101,N,Y,33.6942574,-117.7846354
PAST SALE,February-3-2022,Single Family Residential,109 Summerland,Irvine,CA,92602,2350000,4,3.0,OH - Orchard Hills,2909,4138,2019,,808,299,Sold,,,https://www.redfin.com/CA/Irvine/109-Summerland-92602/home/167379345,CRMLS,OC22001859,N,Y,33.7321776,-117.7400184
PAST SALE,,Condo/Co-op,10 Stanford Ct #5,Irvine,CA,92612,750000,2,1.0,,890,,1984,,843,,,,,https://www.redfin.com/CA/Irvine/10-Stanford-Ct-92612/unit-5/home/5679382,,,N,Y,33.6551576,-117.8402026
PAST SALE,March-20-2023,Single Family Residential,17552 Manchester Ave,Irvine,CA,92614,950000,3,2.0,WP - Westpark,1054,6510,1970,,901,75,Sold,,,https://www.redfin.com/CA/Irvine/17552-Manchester-Ave-92614/home/4655872,CRMLS,OC23046287,N,Y,33.6749624,-117.8270394
PAST SALE,July-1-2022,Mobile/Manufactured Home,5200 Irvine Blvd #14,Irvine,CA,92620,474000,2,2.0,NW - Northwood,1780,,1979,,266,238,Sold,,,https://www.redfin.com/CA/Irvine/5200-Irvine-Blvd-92620/unit-14/home/5976847,CRMLS,OC22065343,N,Y,33.7080452,-117.754305
PAST SALE,September-27-2022,Single Family Residential,24 Morning Glory,Irvine,CA,92603,2400000,3,2.0,TR - Turtle Rock,2259,5000,1979,,1062,477,Sold,,,https://www.redfin.com/CA/Irvine/24-Morning-Glory-92603/home/4745442,CRMLS,OC22206084,N,Y,33.6352662,-117.7987373
PAST SALE,January-20-2022,Single Family Residential,116 Crossover,Irvine,CA,92618,3300000,4,4.5,GP - Great Park,4106,9558,2018,,804,215,Sold,,,https://www.redfin.com/CA/Irvine/116-Crossover-92618/home/112725654,CRMLS,OC21259102,N,Y,33.686446,-117.724295
PAST SALE,,Single Family Residential,52 Pedigree,Irvine,CA,92602,2850000,4,4.5,,3056,7561,2020,,933,,,,,https://www.redfin.com/CA/Irvine/52-Pedigree-92602/home/112726839,,,N,Y,33.753163,-117.7592127
PAST SALE,September-15-2021,Condo/Co-op,312 Chorus,Irvine,CA,92618,1429000,4,3.0,GP - Great Park,2582,3400,2020,,553,215,Sold,,,https://www.redfin.com/CA/Irvine/312-Chorus-92618/home/179357131,CRMLS,OC21192537,N,Y,33.6685591,-117.7179784
PAST SALE,September-2-2021,Condo/Co-op,203 Placemark,Irvine,CA,92614,963388,3,3.5,AA - Airport Area,1991,2000,2020,,484,334,Sold,,,https://www.redfin.com/CA/Irvine/203-Placemark-92614/home/176307063,CRMLS,PW21195113,N,Y,33.6877983,-117.852303
PAST SALE,,Condo/Co-op,106 Almador #200,Irvine,CA,92614,650000,2,2.5,,1300,,1987,,500,,,,,https://www.redfin.com/CA/Irvine/106-Almador-92614/unit-200/home/5553755,,,N,Y,33.6748245,-117.8307207
PAST SALE,March-1-2022,Townhouse,8 Heritage,Irvine,CA,92604,730000,3,1.5,EC - El Camino Real,1121,,1977,,651,320,Sold,,,https://www.redfin.com/CA/Irvine/8-Heritage-92604/home/179487011,CRMLS,DW22014699,N,Y,33.6960396,-117.7733201
PAST SALE,,Single Family Residential,3681 Baylor St,Irvine,CA,92614,875000,3,2.5,,1012,5280,1970,,865,,,,,https://www.redfin.com/CA/Irvine/3681-Baylor-St-92614/home/4656236,,,N,Y,33.6727737,-117.8267904
PAST SALE,February-25-2022,Condo/Co-op,67 Burlingame,Irvine,CA,92602,920000,2,2.5,NK - Northpark,1434,,2000,,642,485,Sold,,,https://www.redfin.com/CA/Irvine/67-Burlingame-92602/home/5842233,CRMLS,OC22010560,N,Y,33.7318644,-117.7727719
PAST SALE,June-24-2022,Single Family Residential,6 Sweet Rain,Irvine,CA,92614,800000,2,2.0,WB - Woodbridge,971,3024,1980,,824,192,Sold,,,https://www.redfin.com/CA/Irvine/6-Sweet-Rain-92614/home/4692526,CRMLS,OC22079685,N,Y,33.6763717,-117.8094248
PAST SALE,,Condo/Co-op,176 Almador,Irvine,CA,92614,750000,3,2.5,,1285,,1989,,584,,,,,https://www.redfin.com/CA/Irvine/176-Almador-92614/home/5553446,,,N,Y,33.6742546,-117.829914
PAST SALE,February-28-2022,Condo/Co-op,1138 Epic,Irvine,CA,92618,790000,2,2.0,GP - Great Park,958,,2019,,825,477,Sold,,,https://www.redfin.com/CA/Irvine/1138-Epic-92618/home/173436711,CRMLS,OC22023074,N,Y,33.6940185,-117.735932
PAST SALE,,Single Family Residential,33 Blue Heron,Irvine,CA,92603,7000000,4,4.5,,7119,20952,2002,,983,,,,,https://www.redfin.com/CA/Irvine/33-Blue-Heron-92603/home/5856130,,,N,Y,33.6278914,-117.8024291
PAST SALE,January-13-2022,Single Family Residential,97 Pelican Ln,Irvine,CA,92618,2050000,4,4.5,GP - Great Park,3447,5138,2018,,595,321,Sold,,,https://www.redfin.com/CA/Irvine/97-Pelican-Ln-92618/home/167401211,CRMLS,WS21238182,N,Y,33.6816345,-117.7151386
PAST SALE,March-31-2022,Condo/Co-op,435 Ridgeway,Irvine,CA,92620,860000,2,2.0,NW - Northwood,1300,,1998,,662,348,Sold,,,https://www.redfin.com/CA/Irvine/435-Ridgeway-92620/home/5494521,CRMLS,OC22049853,N,Y,33.7276321,-117.7613505
PAST SALE,,Single Family Residential,40 Cypress Tree Ln,Irvine,CA,92612,1475000,5,2.5,,2437,7200,1970,,605,,,,,https://www.redfin.com/CA/Irvine/40-Cypress-Tree-Ln-92612/home/4704957,,,N,Y,33.6637124,-117.8176108
PAST SALE,November-24-2021,Single Family Residential,22891 Caminito Arbol #162,Laguna Hills,CA,92653,625000,2,2.0,S2 - Laguna Hills,1054,2000,1977,,593,340,Sold,,,https://www.redfin.com/CA/Laguna-Hills/22891-Caminito-Arbol-92653/unit-162/home/5468496,CRMLS,OC21254825,N,Y,33.629892,-117.7364897
PAST SALE,,Condo/Co-op,15 Misty Mdws #23,Irvine,CA,92612,1320000,3,3.0,,2091,,1978,,631,,,,,https://www.redfin.com/CA/Irvine/15-Misty-Mdws-92612/unit-23/home/5496522,,,N,Y,33.6531186,-117.8187557
PAST SALE,,Condo/Co-op,4 Mirador #23,Irvine,CA,92612,1300000,3,2.5,,2131,,1985,,610,,,,,https://www.redfin.com/CA/Irvine/4-Mirador-92612/unit-23/home/5497559,,,N,Y,33.646518,-117.800079
PAST SALE,June-24-2022,Condo/Co-op,157 W Yale Loop #7,Irvine,CA,92604,1200000,2,2.5,WB - Woodbridge,2040,,1976,,588,475,Sold,,,https://www.redfin.com/CA/Irvine/157-W-Yale-Loop-92604/unit-7/home/5460023,CRMLS,OC22138049,N,Y,33.6864057,-117.8021782
PAST SALE,May-2-2022,Single Family Residential,44 Racing Wind,Irvine,CA,92614,1300000,3,2.5,WB - Woodbridge,1571,3024,1980,,827,199,Sold,,,https://www.redfin.com/CA/Irvine/44-Racing-Wind-92614/home/4695542,CRMLS,OC22045281,N,Y,33.6694278,-117.8161454
PAST SALE,,Condo/Co-op,101 Rockwood #52,Irvine,CA,92614,590000,2,2.0,,917,,1980,,643,,,,,https://www.redfin.com/CA/Irvine/101-Rockwood-92614/unit-52/home/5645965,,,N,Y,33.6695563,-117.8187457
PAST SALE,,Condo/Co-op,24 Arboles #31,Irvine,CA,92612,185500,3,2.5,,1761,,1975,,105,,,,,https://www.redfin.com/CA/Irvine/24-Arboles-92612/unit-31/home/5441904,,,N,Y,33.6589722,-117.8356378
PAST SALE,May-3-2022,Single Family Residential,9 Willowridge,Irvine,CA,92602,1680000,4,3.0,NK - Northpark,2300,3792,2002,,730,235,Sold,,,https://www.redfin.com/CA/Irvine/9-Willowridge-92602/home/17474335,CRMLS,TR22037228,N,Y,33.7379286,-117.767046
PAST SALE,July-25-2022,Single Family Residential,13 Silkleaf,Irvine,CA,92614,900000,2,2.0,WB - Woodbridge,1208,3024,1980,,745,115,Sold,,,https://www.redfin.com/CA/Irvine/13-Silkleaf-92614/home/4692498,CRMLS,OC22140037,N,Y,33.6762295,-117.8081882
PAST SALE,May-16-2022,Single Family Residential,62 Racing Wind,Irvine,CA,92614,1462500,4,3.5,WB - Woodbridge,2233,2814,1980,,655,199,Sold,,,https://www.redfin.com/CA/Irvine/62-Racing-Wind-92614/home/4695570,CRMLS,OC22064729,N,Y,33.6696163,-117.8166949
PAST SALE,February-14-2022,Single Family Residential,66 Statuary,Irvine,CA,92620,2450000,4,3.5,WD - Woodbury,3174,5155,2011,,772,140,Sold,,,https://www.redfin.com/CA/Irvine/66-Statuary-92620/home/40101355,CRMLS,PW22000827,N,Y,33.6895141,-117.7506003
PAST SALE,February-28-2022,Townhouse,362 Novel,Irvine,CA,92618,1500000,4,3.5,GP - Great Park,2742,,2019,,547,215,Sold,,,https://www.redfin.com/CA/Irvine/362-Novel-92618/home/173436847,CRMLS,OC21269116,N,Y,33.6928435,-117.7348518
PAST SALE,,Condo/Co-op,7 Verde #18,Irvine,CA,92612,700000,2,2.0,,1507,,1974,,464,,,,,https://www.redfin.com/CA/Irvine/7-Verde-92612/unit-18/home/5424848,,,N,Y,33.659275,-117.830484
PAST SALE,,Condo/Co-op,323 Stanford Ct #35,Irvine,CA,92612,760000,3,3.0,,1354,,1985,,561,,,,,https://www.redfin.com/CA/Irvine/323-Stanford-Ct-92612/unit-35/home/5679845,,,N,Y,33.6550237,-117.8440905
PAST SALE,June-3-2022,Single Family Residential,10 Mandrake Way,Irvine,CA,92612,1300000,3,2.5,UP - University Park,2304,4200,1967,,564,200,Sold,,,https://www.redfin.com/CA/Irvine/10-Mandrake-Way-92612/home/4701106,CRMLS,OC22065114,N,Y,33.6590532,-117.8259912
PAST SALE,May-9-2022,Single Family Residential,14 Del Vincente,Irvine,CA,92606,1210000,3,3.0,WP - Westpark,1337,2850,1995,,905,219,Sold,,,https://www.redfin.com/CA/Irvine/14-Del-Vincente-92606/home/4626279,CRMLS,OC22040624,N,Y,33.6895447,-117.8048335
PAST SALE,,Condo/Co-op,11 Vassar Aisle #38,Irvine,CA,92612,1020000,2,2.0,,1605,,1987,,636,,,,,https://www.redfin.com/CA/Irvine/11-Vassar-Aisle-92612/unit-38/home/5680647,,,N,Y,33.654895,-117.838644
PAST SALE,April-5-2022,Condo/Co-op,17 Windwood,Irvine,CA,92604,1300000,3,2.0,WB - Woodbridge,1490,1,1977,,872,420,Sold,,,https://www.redfin.com/CA/Irvine/17-Windwood-92604/home/185803162,CRMLS,OC22045834,N,Y,33.6867148,-117.7970935
PAST SALE,,Single Family Residential,23 Blue Heron,Irvine,CA,92603,7900000,5,5.5,,9759,28445,2004,,810,,,,,https://www.redfin.com/CA/Irvine/23-Blue-Heron-92603/home/5856099,,,N,Y,33.6299896,-117.8040779
PAST SALE,September-2-2021,Condo/Co-op,205 Placemark,Irvine,CA,92614,976788,3,3.5,AA - Airport Area,1991,2000,2020,,491,325,Sold,,,https://www.redfin.com/CA/Irvine/205-Placemark-92614/home/176306995,CRMLS,PW21195103,N,Y,33.6877983,-117.852303
PAST SALE,August-9-2021,Condo/Co-op,183 Firefly,Irvine,CA,92618,976000,4,3.0,PS - Portola Springs,2190,2190,2013,,446,210,Sold,,,https://www.redfin.com/CA/Irvine/183-Firefly-92618/home/58555805,CRMLS,OC21152164,N,Y,33.698862,-117.714314
PAST SALE,,Single Family Residential,35 Malibu,Irvine,CA,92602,2200000,5,4.0,,4126,7279,2000,,533,,,,,https://www.redfin.com/CA/Irvine/35-Malibu-92602/home/5856759,,,N,Y,33.7318608,-117.7651679
PAST SALE,September-30-2021,Single Family Residential,36 Marsala,Irvine,CA,92606,955000,3,2.5,WP - Westpark,1294,3500,1994,,738,169,Sold,,,https://www.redfin.com/CA/Irvine/36-Marsala-92606/home/4624607,CRMLS,PW21219414,N,Y,33.6909405,-117.8146023
PAST SALE,,Condo/Co-op,6 El Cajon #16,Irvine,CA,92602,1001000,3,2.5,,1601,,2002,,625,,,,,https://www.redfin.com/CA/Irvine/6-El-Cajon-92602/unit-16/home/5919588,,,N,Y,33.7349716,-117.7705905
PAST SALE,,Single Family Residential,29 Watercress,Irvine,CA,92603,5925000,5,5.5,,6033,25613,2005,,982,,,,,https://www.redfin.com/CA/Irvine/29-Watercress-92603/home/5856210,,,N,Y,33.6340609,-117.790979
PAST SALE,March-17-2022,Condo/Co-op,130 Rose Arch,Irvine,CA,92620,828000,2,2.0,CV - Cypress Village,1123,,2014,,737,332,Sold,,,https://www.redfin.com/CA/Irvine/130-Rose-Arch-92620/home/112719933,CRMLS,OC22025092,N,Y,33.6835263,-117.7618946
PAST SALE,December-13-2022,Condo/Co-op,783 Benchmark,Irvine,CA,92618,1450000,4,4.0,GP - Great Park,2312,3000,2019,,627,230,Sold,,,https://www.redfin.com/CA/Irvine/783-Benchmark-92618/home/169483685,CRMLS,OC22254687,N,Y,33.679954,-117.721004
PAST SALE,December-16-2021,Condo/Co-op,22922 Caminito Rojo #174,Laguna Hills,CA,92653,650000,3,2.0,S2 - Laguna Hills,1239,,1977,,525,340,Sold,,,https://www.redfin.com/CA/Laguna-Hills/22922-Caminito-Rojo-92653/unit-174/home/5468550,CRMLS,OC21247624,N,Y,33.6293747,-117.7373428
PAST SALE,May-20-2022,Condo/Co-op,2222 Scholarship,Irvine,CA,92612,700000,2,2.0,AA - Airport Area,1038,,2005,,674,436,Sold,,,https://www.redfin.com/CA/Irvine/2222-Scholarship-92612/home/12252496,CRMLS,OC22079005,N,Y,33.667735,-117.8510975
PAST SALE,June-6-2022,Single Family Residential,5 Foxglove Way,Irvine,CA,92612,860000,2,2.0,UP - University Park,1276,3200,1967,,674,213,Sold,,,https://www.redfin.com/CA/Irvine/5-Foxglove-Way-92612/home/4701075,CRMLS,OC22082662,N,Y,33.6597338,-117.8261743
PAST SALE,February-23-2022,Condo/Co-op,30 Cipresso,Irvine,CA,92618,1453000,4,3.0,LGA - Laguna Altura,2083,,2012,,698,280,Sold,,,https://www.redfin.com/CA/Irvine/30-Cipresso-92618/home/45383547,CRMLS,OC22012964,N,Y,33.6450611,-117.7597166
PAST SALE,,Condo/Co-op,24 Vassar Aisle #27,Irvine,CA,92612,680000,2,2.0,,1017,,1987,,669,,,,,https://www.redfin.com/CA/Irvine/24-Vassar-Aisle-92612/unit-27/home/5680588,,,N,Y,33.654448,-117.838406
PAST SALE,March-25-2022,Condo/Co-op,125 Sugar Cane,Irvine,CA,92620,1330000,3,2.5,EASTW - Eastwood,1708,100,2017,,779,303,Sold,,,https://www.redfin.com/CA/Irvine/125-Sugar-Cane-92620/home/167403788,CRMLS,OC22060261,N,Y,33.7108394,-117.7499399
PAST SALE,February-14-2022,Condo/Co-op,88 Cipresso,Irvine,CA,92618,1721000,3,2.5,LGA - Laguna Altura,2022,,2014,,851,280,Sold,,,https://www.redfin.com/CA/Irvine/88-Cipresso-92618/home/58555733,CRMLS,PW22001966,N,Y,33.6453736,-117.7577727
PAST SALE,March-1-2023,Single Family Residential,216 Piazza,Irvine,CA,92602,2208000,4,4.0,OH - Orchard Hills,2769,3705,2022,,797,299,Sold,,,https://www.redfin.com/CA/Irvine/216-Piazza-92602/home/169474822,CRMLS,TR23006900,N,Y,33.7414935,-117.7428923
PAST SALE,June-2-2022,Condo/Co-op,114 Saint James,Irvine,CA,92606,1050000,3,2.5,WN - Walnut (Irvine),1714,,2001,,613,215,Sold,,,https://www.redfin.com/CA/Irvine/114-St-James-92606/home/171393705,CRMLS,OC22083683,N,Y,33.7054115,-117.801234
PAST SALE,,Condo/Co-op,11 Longbourn Aisle,Irvine,CA,92603,1750000,3,3.5,,2547,,1990,,687,,,,,https://www.redfin.com/CA/Irvine/11-Longbourn-Aisle-92603/home/5711406,,,N,Y,33.6450504,-117.8064528
PAST SALE,February-14-2022,Condo/Co-op,2243 Martin #415,Irvine,CA,92612,640000,1,1.0,AA - Airport Area,952,,1990,,672,475,Sold,,,https://www.redfin.com/CA/Irvine/2243-Martin-92612/unit-415/home/5554915,CRMLS,OC22015308,N,Y,33.6728182,-117.8592347
PAST SALE,November-29-2021,Single Family Residential,29 Southern Wood,Irvine,CA,92603,2195000,4,2.5,TR - Turtle Rock,2546,9000,1979,,862,110,Sold,,,https://www.redfin.com/CA/Irvine/29-Southern-Wood-92603/home/4743541,CRMLS,NP21255647,N,Y,33.638094,-117.806011
PAST SALE,May-17-2022,Single Family Residential,194 Augustine,Irvine,CA,92618,1230000,4,3.5,CV - Cypress Village,1982,2600,2018,,621,250,Sold,,,https://www.redfin.com/CA/Irvine/194-Augustine-92618/home/169484551,CRMLS,OC22062553,N,Y,33.6791864,-117.7478971
PAST SALE,August-7-2023,Single Family Residential,12 Windflower,Irvine,CA,92603,2200000,4,2.5,TR - Turtle Rock,2724,5035,1979,,808,110,Sold,,,https://www.redfin.com/CA/Irvine/12-Windflower-92603/home/4743699,CRMLS,OC23141007,N,Y,33.6362796,-117.8057266
PAST SALE,,Condo/Co-op,194 W Yale Loop #8,Irvine,CA,92604,1050000,3,2.0,,1471,,1976,,714,,,,,https://www.redfin.com/CA/Irvine/194-W-Yale-Loop-92604/unit-8/home/5462860,,,N,Y,33.6846719,-117.8038763
PAST SALE,August-9-2021,Townhouse,206 Placemark,Irvine,CA,92614,695888,2,2.5,AA - Airport Area,1076,2000,2021,,647,257,Sold,,,https://www.redfin.com/CA/Irvine/206-Placemark-92614/home/176059759,CRMLS,PW21175236,N,Y,33.6877983,-117.852303
PAST SALE,March-10-2022,Single Family Residential,37 Sorenson,Irvine,CA,92602,1287000,4,2.5,WI - West Irvine,2140,4005,2000,,601,65,Sold,,,https://www.redfin.com/CA/Irvine/37-Sorenson-92602/home/5814577,CRMLS,LG22004590,N,Y,33.7329617,-117.7782445
PAST SALE,,Single Family Residential,1 Dogwood N,Irvine,CA,92612,938500,3,2.0,,1532,6050,1974,,613,,,,,https://www.redfin.com/CA/Irvine/1-Dogwood-N-92612/home/4710971,,,N,Y,33.6631969,-117.8000246
PAST SALE,May-10-2022,Townhouse,28 Park Vis #42,Irvine,CA,92604,1010000,2,2.0,WB - Woodbridge,1234,,1977,,818,445,Sold,,,https://www.redfin.com/CA/Irvine/28-Park-Vista-92604/unit-42/home/5469443,CRMLS,PW22056736,N,Y,33.6858877,-117.7969332
PAST SALE,June-27-2023,Condo/Co-op,3 Lago Norte,Irvine,CA,92612,1149900,3,2.5,SJ - Rancho San Joaquin,1819,1000,1976,,632,550,Sold,,,https://www.redfin.com/CA/Irvine/3-Lago-Norte-92612/home/185490799,CRMLS,OC23082804,N,Y,33.6593194,-117.8330695
PAST SALE,April-15-2022,Single Family Residential,15242 Cherbourg Ave,Irvine,CA,92604,1600000,5,2.5,EC - El Camino Real,2443,8429,1971,,655,,Sold,,,https://www.redfin.com/CA/Irvine/15242-Cherbourg-Ave-92604/home/4680942,CRMLS,OC22047291,N,Y,33.6867613,-117.7819782
PAST SALE,May-9-2022,Condo/Co-op,88 Vintage,Irvine,CA,92620,1273000,3,3.5,WD - Woodbury,2143,,2005,,594,320,Sold,,,https://www.redfin.com/CA/Irvine/88-Vintage-92620/home/7216785,CRMLS,WS22087385,N,Y,33.6992233,-117.7543578
PAST SALE,,Single Family Residential,8 Atwater,Irvine,CA,92602,900000,3,2.5,,2474,2640,2001,,364,,,,,https://www.redfin.com/CA/Irvine/8-Atwater-92602/home/5770849,,,N,Y,33.7331544,-117.7705126
PAST SALE,August-31-2021,Condo/Co-op,95 Lehigh Aisle #53,Irvine,CA,92612,655000,2,2.0,UT - University Town Center,1017,,1988,,644,439,Sold,,,https://www.redfin.com/CA/Irvine/95-Lehigh-Aisle-92612/unit-53/home/5680720,CRMLS,OC21193042,N,Y,33.654998,-117.837989
PAST SALE,,Condo/Co-op,33 Greenfield #34,Irvine,CA,92614,597000,2,1.0,,1022,,1984,,584,,,,,https://www.redfin.com/CA/Irvine/33-Greenfield-92614/unit-34/home/5574490,,,N,Y,33.6780444,-117.8115163
PAST SALE,April-4-2022,Townhouse,39 Waldorf,Irvine,CA,92612,1030000,2,2.5,AA - Airport Area,1988,,2014,,518,431,Sold,,,https://www.redfin.com/CA/Irvine/39-Waldorf-92612/home/58556911,CRMLS,OC22052432,N,Y,33.6755043,-117.8501664
PAST SALE,February-8-2023,Condo/Co-op,3131 Michelson Dr #1803,Irvine,CA,92612,1800000,2,2.0,AA - Airport Area,1980,,2006,,909,1200,Sold,,,https://www.redfin.com/CA/Irvine/3131-Michelson-Dr-92612/unit-1803/home/7211516,CRMLS,OC23022161,N,Y,33.673685,-117.8437351
PAST SALE,September-3-2021,Single Family Residential,6 Sycamore,Irvine,CA,92603,1565000,4,2.0,TR - Turtle Rock,2348,6107,1975,,667,110,Sold,,,https://www.redfin.com/CA/Irvine/6-Sycamore-Crk-92603/home/4742729,CRMLS,OC21234232,N,Y,33.6469555,-117.8149088
PAST SALE,March-31-2022,Condo/Co-op,2304 Crescent Oak,Irvine,CA,92618,801500,2,2.5,OC - Oak Creek,1183,,1998,,678,275,Sold,,,https://www.redfin.com/CA/Irvine/2304-Crescent-Oak-92618/home/5793115,CRMLS,PW22003642,N,Y,33.6680861,-117.7837412
PAST SALE,April-27-2022,Single Family Residential,15 Calandria,Irvine,CA,92620,1310000,3,2.5,NW - Northwood,1616,3198,1977,,811,60,Sold,,,https://www.redfin.com/CA/Irvine/15-Calandria-92620/home/4786668,CRMLS,PW22054844,N,Y,33.7216819,-117.7686153
PAST SALE,,Condo/Co-op,149 Kings Cyn,Irvine,CA,92606,389000,3,2.5,,2033,,2001,,191,,,,,https://www.redfin.com/CA/Irvine/149-Kings-Cyn-92606/home/5887517,,,N,Y,33.7061397,-117.8007663
PAST SALE,May-19-2023,Single Family Residential,49 SHADY LANE Ln,Irvine,CA,92603,4500000,5,4.5,TRG - Turtle Ridge,3843,7810,2004,,1171,575,Sold,,,https://www.redfin.com/CA/Irvine/49-Shady-Ln-92603/home/5901446,CRMLS,OC23087466,N,Y,33.6280679,-117.8260368
PAST SALE,April-29-2022,Condo/Co-op,791 Benchmark,Irvine,CA,92618,1150000,3,3.5,GP - Great Park,1749,,2018,,658,215,Sold,,,https://www.redfin.com/CA/Irvine/791-Benchmark-92618/home/169483671,CRMLS,OC22087062,N,Y,33.6796513,-117.7211982
PAST SALE,June-22-2022,Condo/Co-op,166 Borrego,Irvine,CA,92618,1160000,3,2.5,PS - Portola Springs,1810,,2013,,641,358,Sold,,,https://www.redfin.com/CA/Irvine/166-Borrego-92618/home/108902185,CRMLS,PW22101548,N,Y,33.6981218,-117.71534
PAST SALE,,Single Family Residential,95 Linhaven,Irvine,CA,92602,1200000,3,2.5,,2480,4337,1999,,484,,,,,https://www.redfin.com/CA/Irvine/95-Linhaven-92602/home/4793931,,,N,Y,33.7420285,-117.77039
PAST SALE,July-20-2023,Condo/Co-op,43 Flowerbud,Irvine,CA,92603,860000,2,2.0,QH - Quail Hill,1382,,2003,,622,338,Sold,,,https://www.redfin.com/CA/Irvine/43-Flowerbud-92603/home/5947370,CRMLS,PW23127168,N,Y,33.6501829,-117.7786201
PAST SALE,September-1-2021,Condo/Co-op,201 Placemark,Irvine,CA,92614,1107888,4,3.5,AA - Airport Area,2206,2000,2020,,502,337,Sold,,,https://www.redfin.com/CA/Irvine/201-Placemark-92614/home/176307070,CRMLS,PW21195125,N,Y,33.6875232,-117.8528121
PAST SALE,May-10-2022,Townhouse,104 Citysquare,Irvine,CA,92614,1150000,4,3.5,AA - Airport Area,2076,1000,2020,,554,301,Sold,,,https://www.redfin.com/CA/Irvine/104-Citysquare-92614/home/173436547,CRMLS,WS22023616,N,Y,33.6867337,-117.852762
PAST SALE,December-17-2021,Single Family Residential,6 Kirkland,Irvine,CA,92602,1420000,4,2.5,WI - West Irvine,2679,5493,2000,,530,175,Sold,,,https://www.redfin.com/CA/Irvine/6-Kirkland-92602/home/5768600,CRMLS,LG21248778,N,Y,33.743493,-117.7671834
PAST SALE,December-8-2022,Single Family Residential,10700 Bruns Dr,Tustin,CA,92782,1775000,5,4.0,89 - Tustin Ranch,3238,8540,1993,,548,95,Sold,,,https://www.redfin.com/CA/Tustin/10700-Bruns-Dr-92782/home/4774295,CRMLS,OC22251413,N,Y,33.7607274,-117.7635133
PAST SALE,May-24-2022,Single Family Residential,140 Donati,Irvine,CA,92602,2185000,4,4.0,OH - Orchard Hills,2800,3827,2019,,780,299,Sold,,,https://www.redfin.com/CA/Irvine/140-Donati-92602/home/167379047,CRMLS,OC22079430,N,Y,33.7350541,-117.7417703
PAST SALE,,Single Family Residential,69 Bennington,Irvine,CA,92620,1270000,3,2.0,,1465,4465,1978,,867,,,,,https://www.redfin.com/CA/Irvine/69-Bennington-92620/home/4794622,,,N,Y,33.7088277,-117.7604954
PAST SALE,December-14-2022,Single Family Residential,507 Cultivate,Irvine,CA,92618,2320000,5,4.5,GP - Great Park,3437,6151,2018,,675,235,Sold,,,https://www.redfin.com/CA/Irvine/507-Cultivate-92618/home/112725438,CRMLS,IG22241142,N,Y,33.6845656,-117.7210035
PAST SALE,March-2-2022,Townhouse,71 Acacia Tree Ln,Irvine,CA,92612,1050000,3,2.0,UP - University Park,1560,3850,1969,,673,268,Sold,,,https://www.redfin.com/CA/Irvine/71-Acacia-Tree-Ln-92612/home/4704392,CRMLS,OC22041293,N,Y,33.6623183,-117.8140461
PAST SALE,March-22-2023,Single Family Residential,103 Limone,Irvine,CA,92602,2800000,4,4.5,OH - Orchard Hills,3227,4200,2022,,868,299,Sold,,,https://www.redfin.com/CA/Irvine/103-Limone-92602/home/169474490,CRMLS,OC23046997,N,Y,33.741642,-117.737459
PAST SALE,August-10-2021,Condo/Co-op,21 Gardenpath,Irvine,CA,92603,1400000,3,2.5,TRG - Turtle Ridge,1628,,2004,,860,205,Sold,,,https://www.redfin.com/CA/Irvine/21-Gardenpath-92603/home/5978086,CRMLS,NP21129589,N,Y,33.6237318,-117.8236735
PAST SALE,June-22-2022,Single Family Residential,6 Bayporte,Irvine,CA,92614,2350000,5,3.0,WB - Woodbridge,3052,6216,1990,,770,115,Sold,,,https://www.redfin.com/CA/Irvine/6-Bayporte-92614/home/4697321,CRMLS,NP22135198,N,Y,33.6724583,-117.8007677
PAST SALE,April-8-2022,Condo/Co-op,12481 S La Coste Dr,Tustin,CA,92782,1266840,3,2.5,89 - Tustin Ranch,1740,3000,1997,,728,200,Sold,,,https://www.redfin.com/CA/Tustin/12481-S-La-Coste-Dr-92782/home/5444709,CRMLS,OC22041264,N,Y,33.736897,-117.7797926
PAST SALE,November-16-2021,Single Family Residential,5 Butler St,Irvine,CA,92612,1150000,3,2.0,UP - University Park,1834,6050,1964,,627,150,Sold,,,https://www.redfin.com/CA/Irvine/5-Butler-St-92612/home/4698883,CRMLS,PW21249607,N,Y,33.6630371,-117.824393
PAST SALE,,Single Family Residential,39 Harmony,Irvine,CA,92602,1600000,4,2.5,,2843,5703,2001,,563,,,,,https://www.redfin.com/CA/Irvine/39-Harmony-92602/home/5812298,,,N,Y,33.7339638,-117.7669544
PAST SALE,February-14-2022,Single Family Residential,150 Crossover,Irvine,CA,92618,1948888,4,5.0,GP - Great Park,3493,4600,2018,,558,215,Sold,,,https://www.redfin.com/CA/Irvine/150-Crossover-92618/home/169481917,CRMLS,OC21265452,N,Y,33.6845608,-117.7270057
PAST SALE,February-18-2022,Condo/Co-op,104 Terrapin,Irvine,CA,92618,1100000,3,3.5,GP - Great Park,2260,,2017,,487,432,Sold,,,https://www.redfin.com/CA/Irvine/104-Terrapin-92618/home/167413784,CRMLS,OC22001422,N,Y,33.6830036,-117.7373047
PAST SALE,May-16-2022,Condo/Co-op,131 Neptune,Irvine,CA,92618,880000,2,2.5,PS - Portola Springs,1798,,2016,,489,409,Sold,,,https://www.redfin.com/CA/Irvine/131-Neptune-92618/home/143910130,CRMLS,OC22089722,N,Y,33.69914,-117.732107
PAST SALE,February-17-2022,Single Family Residential,1 Red Coat Pl,Irvine,CA,92602,1375000,4,2.5,WI - West Irvine,2004,4245,1997,,686,,Sold,,,https://www.redfin.com/CA/Irvine/1-Red-Coat-Pl-92602/home/4792195,CRMLS,TR22001820,N,Y,33.738409,-117.7718524
